organizations,iso2_code,year,quarter,git_pushes,developers,repositories,period
119,AD,2021,1,2513,1543,3526,2021Q1
117,AD,2021,2,1426,1686,3748,2021Q2
149,AD,2021,3,3290,1790,4518,2021Q3
178,AD,2021,4,3005,1898,4776,2021Q4
166,AD,2022,1,4583,2113,5566,2022Q1
187,AD,2022,2,3294,2305,6357,2022Q2
210,AD,2022,3,3933,2418,7187,2022Q3
232,AD,2022,4,4667,2629,7384,2022Q4
283,AD,2023,1,6065,2906,7949,2023Q1
310,AD,2023,2,8479,3181,9590,2023Q2
330,AD,2023,3,7375,3392,9985,2023Q3
375,AD,2023,4,8665,3643,10788,2023Q4
399,AD,2024,1,8409,3975,11044,2024Q1
428,AD,2024,2,7468,4092,12069,2024Q2
418,AD,2024,3,8576,4291,12673,2024Q3
476,AD,2024,4,8570,4723,13220,2024Q4
539,AD,2025,1,12804,5042,14901,2025Q1
615,AD,2025,2,13819,5510,15300,2025Q2
641,AD,2025,3,13419,6022,16400,2025Q3
724,AD,2025,4,14237,6593,17709,2025Q4
836,AD,2026,1,22778,7489,19596,2026Q1
7528,AE,2020,1,72359,95190,169705,2020Q1
8098,AE,2020,2,107400,110078,186576,2020Q2
8586,AE,2020,3,106008,122101,197715,2020Q3
8960,AE,2020,4,107996,133327,220636,2020Q4
9534,AE,2021,1,117170,145143,244762,2021Q1
10056,AE,2021,2,133593,156951,268701,2021Q2
10347,AE,2021,3,148684,167202,291285,2021Q3
10777,AE,2021,4,142410,179501,327795,2021Q4
11373,AE,2022,1,168273,196134,363046,2022Q1
12058,AE,2022,2,176788,211046,411020,2022Q2
12649,AE,2022,3,186473,224821,440686,2022Q3
13415,AE,2022,4,214837,242446,493370,2022Q4
15078,AE,2023,1,245397,264766,535738,2023Q1
15683,AE,2023,2,250229,287270,576443,2023Q2
16152,AE,2023,3,258191,308913,597036,2023Q3
17512,AE,2023,4,269961,331735,665406,2023Q4
18721,AE,2024,1,278737,358187,820949,2024Q1
20193,AE,2024,2,294932,377607,836668,2024Q2
20245,AE,2024,3,312038,397298,876837,2024Q3
22116,AE,2024,4,344427,422730,943846,2024Q4
23510,AE,2025,1,393144,453949,952050,2025Q1
25020,AE,2025,2,520468,487478,1022026,2025Q2
26129,AE,2025,3,546682,534821,1095803,2025Q3
28736,AE,2025,4,707998,591961,1196968,2025Q4
31336,AE,2026,1,993460,656185,1298564,2026Q1
599,AF,2020,1,2277,6481,7235,2020Q1
639,AF,2020,2,2624,7457,8175,2020Q2
659,AF,2020,3,2293,8214,9104,2020Q3
692,AF,2020,4,3443,9236,10337,2020Q4
720,AF,2021,1,4979,10176,11903,2021Q1
755,AF,2021,2,6255,11195,13803,2021Q2
789,AF,2021,3,6868,12024,15554,2021Q3
782,AF,2021,4,7620,13038,16959,2021Q4
794,AF,2022,1,10627,14215,18528,2022Q1
831,AF,2022,2,15358,15473,20816,2022Q2
866,AF,2022,3,21775,16913,24802,2022Q3
915,AF,2022,4,21237,18290,27855,2022Q4
945,AF,2023,1,24936,19894,30617,2023Q1
961,AF,2023,2,26704,21664,34576,2023Q2
995,AF,2023,3,26127,23912,38208,2023Q3
1044,AF,2023,4,24561,25795,40349,2023Q4
1089,AF,2024,1,25890,28223,45068,2024Q1
1133,AF,2024,2,26123,30143,48839,2024Q2
1215,AF,2024,3,31262,32356,53761,2024Q3
1330,AF,2024,4,26312,35158,58611,2024Q4
1352,AF,2025,1,30285,38203,62378,2025Q1
1422,AF,2025,2,36229,41629,68141,2025Q2
1491,AF,2025,3,40771,47750,75165,2025Q3
1537,AF,2025,4,42862,54155,81622,2025Q4
1566,AF,2026,1,55269,59957,88059,2026Q1
2615,AL,2020,1,25121,28833,36827,2020Q1
2710,AL,2020,2,38088,31852,40665,2020Q2
2776,AL,2020,3,22414,34198,44084,2020Q3
2882,AL,2020,4,29006,37541,47304,2020Q4
2950,AL,2021,1,33487,40744,51428,2021Q1
3049,AL,2021,2,35086,43582,54854,2021Q2
3054,AL,2021,3,27063,44938,56290,2021Q3
2997,AL,2021,4,31387,46795,58828,2021Q4
3039,AL,2022,1,39162,49486,63468,2022Q1
3173,AL,2022,2,57418,53489,71973,2022Q2
3173,AL,2022,3,44172,55658,75595,2022Q3
3146,AL,2022,4,40986,56814,73311,2022Q4
3234,AL,2023,1,41446,58221,72242,2023Q1
3294,AL,2023,2,51004,60525,75722,2023Q2
3363,AL,2023,3,38958,62709,79374,2023Q3
3413,AL,2023,4,48818,65419,82427,2023Q4
3463,AL,2024,1,52015,68358,86239,2024Q1
3558,AL,2024,2,55908,70631,91031,2024Q2
3748,AL,2024,3,46700,73563,97514,2024Q3
3917,AL,2024,4,47788,75961,100769,2024Q4
3995,AL,2025,1,61798,81106,107265,2025Q1
4044,AL,2025,2,74374,83901,115826,2025Q2
4162,AL,2025,3,68052,88782,124460,2025Q3
4241,AL,2025,4,80289,94816,130348,2025Q4
4503,AL,2026,1,125430,103489,145290,2026Q1
1913,AM,2020,1,53659,31298,80828,2020Q1
2098,AM,2020,2,62979,34296,87884,2020Q2
2256,AM,2020,3,55053,36975,93973,2020Q3
2324,AM,2020,4,46037,39501,99441,2020Q4
2508,AM,2021,1,67004,42696,107371,2021Q1
2694,AM,2021,2,77529,45631,117083,2021Q2
2808,AM,2021,3,75840,48884,127001,2021Q3
2925,AM,2021,4,73276,52206,136101,2021Q4
3092,AM,2022,1,84631,56410,145577,2022Q1
3592,AM,2022,2,138568,64712,201781,2022Q2
3799,AM,2022,3,132672,67845,211099,2022Q3
4241,AM,2022,4,191603,75703,254947,2022Q4
4686,AM,2023,1,197945,81482,274276,2023Q1
4911,AM,2023,2,190509,86107,283733,2023Q2
5051,AM,2023,3,182068,90234,292271,2023Q3
5193,AM,2023,4,169054,93483,298130,2023Q4
5304,AM,2024,1,169859,97456,304214,2024Q1
5462,AM,2024,2,164669,101120,310754,2024Q2
5609,AM,2024,3,144866,104855,318799,2024Q3
5810,AM,2024,4,154099,108552,326335,2024Q4
6163,AM,2025,1,158864,114516,337134,2025Q1
6408,AM,2025,2,186751,116873,348950,2025Q2
6678,AM,2025,3,175282,123705,360537,2025Q3
7040,AM,2025,4,197477,131918,374527,2025Q4
7567,AM,2026,1,233402,141176,386734,2026Q1
993,AO,2020,1,5312,7156,9905,2020Q1
1081,AO,2020,2,8605,8310,11713,2020Q2
1151,AO,2020,3,11099,9402,13709,2020Q3
1225,AO,2020,4,8865,10554,15351,2020Q4
1317,AO,2021,1,10401,11601,17572,2021Q1
1408,AO,2021,2,13564,12850,21033,2021Q2
1470,AO,2021,3,15974,14041,24392,2021Q3
1494,AO,2021,4,15771,15173,27785,2021Q4
1544,AO,2022,1,17031,16473,31274,2022Q1
1601,AO,2022,2,18309,17817,35028,2022Q2
1651,AO,2022,3,19085,18931,38075,2022Q3
1700,AO,2022,4,19784,20396,40985,2022Q4
1837,AO,2023,1,23207,22138,44079,2023Q1
1900,AO,2023,2,26875,24114,47727,2023Q2
2011,AO,2023,3,28026,26665,51271,2023Q3
2084,AO,2023,4,26653,29325,55380,2023Q4
2177,AO,2024,1,30417,31944,60155,2024Q1
2290,AO,2024,2,34003,34555,64561,2024Q2
2465,AO,2024,3,37190,37430,69326,2024Q3
2694,AO,2024,4,34682,41323,74973,2024Q4
2803,AO,2025,1,40492,46997,80431,2025Q1
3053,AO,2025,2,60231,51884,88422,2025Q2
3244,AO,2025,3,65807,60554,96451,2025Q3
3363,AO,2025,4,72808,70305,104489,2025Q4
3578,AO,2026,1,124676,81314,116019,2026Q1
17760,AR,2020,1,437182,280922,608445,2020Q1
19413,AR,2020,2,744663,318451,670189,2020Q2
20953,AR,2020,3,775557,355388,737110,2020Q3
21943,AR,2020,4,800292,384559,802976,2020Q4
23005,AR,2021,1,679915,411159,867545,2021Q1
24599,AR,2021,2,1002170,451295,965194,2021Q2
25539,AR,2021,3,1054099,492810,1070330,2021Q3
26496,AR,2021,4,1165032,527540,1180271,2021Q4
27567,AR,2022,1,1091007,578400,1312481,2022Q1
28717,AR,2022,2,1657122,637275,1514018,2022Q2
30130,AR,2022,3,1787004,696258,1692345,2022Q3
31069,AR,2022,4,1718132,741211,1827329,2022Q4
32970,AR,2023,1,1541474,801254,1972535,2023Q1
34640,AR,2023,2,2016655,870966,2158627,2023Q2
36323,AR,2023,3,1830471,927049,2297445,2023Q3
37814,AR,2023,4,1885889,969604,2456325,2023Q4
39517,AR,2024,1,1358822,1026667,2557620,2024Q1
41418,AR,2024,2,1928034,1082163,2695815,2024Q2
43546,AR,2024,3,1739431,1130022,2816763,2024Q3
45575,AR,2024,4,1918934,1173944,2910039,2024Q4
47703,AR,2025,1,1331984,1223581,3003205,2025Q1
50195,AR,2025,2,2272633,1293018,3158220,2025Q2
52730,AR,2025,3,2315345,1390918,3309686,2025Q3
55209,AR,2025,4,2767950,1485741,3471573,2025Q4
58428,AR,2026,1,2797931,1599355,3598412,2026Q1
9141,AT,2020,1,376071,148081,362975,2020Q1
10072,AT,2020,2,429917,158917,384839,2020Q2
10926,AT,2020,3,354792,167753,403326,2020Q3
11698,AT,2020,4,424637,181245,432228,2020Q4
12563,AT,2021,1,461825,194191,460461,2021Q1
13196,AT,2021,2,466379,204619,483269,2021Q2
13755,AT,2021,3,362679,213986,520898,2021Q3
14461,AT,2021,4,463475,226778,534882,2021Q4
15168,AT,2022,1,523668,242864,566971,2022Q1
15982,AT,2022,2,541922,256698,603119,2022Q2
16542,AT,2022,3,479119,268691,628808,2022Q3
17159,AT,2022,4,569824,283530,658999,2022Q4
18606,AT,2023,1,629980,299861,693015,2023Q1
19554,AT,2023,2,609937,316584,724915,2023Q2
20619,AT,2023,3,539676,331849,758373,2023Q3
21834,AT,2023,4,635967,350282,789320,2023Q4
23008,AT,2024,1,711753,372722,822533,2024Q1
23904,AT,2024,2,723228,390566,857556,2024Q2
24774,AT,2024,3,602548,406297,883696,2024Q3
26556,AT,2024,4,733505,428437,923730,2024Q4
28774,AT,2025,1,804431,457562,962638,2025Q1
30154,AT,2025,2,849822,483425,1003385,2025Q2
31638,AT,2025,3,829759,518862,1039547,2025Q3
32789,AT,2025,4,1005689,559921,1086186,2025Q4
35322,AT,2026,1,1377423,611388,1145305,2026Q1
38589,AU,2020,1,1119543,678548,1631400,2020Q1
42407,AU,2020,2,1409299,734852,1739442,2020Q2
46293,AU,2020,3,1404830,787386,1832546,2020Q3
48170,AU,2020,4,1275408,823279,1899179,2020Q4
50580,AU,2021,1,1248290,864370,1979196,2021Q1
53875,AU,2021,2,1389212,909967,2074820,2021Q2
56627,AU,2021,3,1512570,963984,2190863,2021Q3
58582,AU,2021,4,1355557,1006710,2283905,2021Q4
61280,AU,2022,1,1377410,1066359,2411063,2022Q1
64491,AU,2022,2,1510419,1125184,2538354,2022Q2
66476,AU,2022,3,1581899,1181691,2669652,2022Q3
69483,AU,2022,4,1536243,1231761,2858634,2022Q4
73667,AU,2023,1,1542496,1292102,2943494,2023Q1
76635,AU,2023,2,1683157,1366384,3080468,2023Q2
79962,AU,2023,3,1710604,1439219,3214790,2023Q3
83175,AU,2023,4,1703603,1498591,3329808,2023Q4
86149,AU,2024,1,1656673,1574903,3412870,2024Q1
89403,AU,2024,2,1922144,1646351,3545472,2024Q2
93675,AU,2024,3,2008364,1719948,3676605,2024Q3
98825,AU,2024,4,1872758,1785160,3786727,2024Q4
103330,AU,2025,1,1927738,1870706,3887367,2025Q1
109431,AU,2025,2,2497137,1978084,4056245,2025Q2
115620,AU,2025,3,2731190,2106533,4229000,2025Q3
118970,AU,2025,4,2783690,2217966,4419287,2025Q4
126191,AU,2026,1,3736152,2368357,4581556,2026Q1
194,AW,2025,2,2087,3198,3784,2025Q2
172,AW,2025,3,1707,3351,4050,2025Q3
173,AW,2026,1,3902,3848,4439,2026Q1
111,AX,2025,2,5153,1533,3266,2025Q2
108,AX,2025,4,5178,1673,3670,2025Q4
120,AX,2026,1,6677,1753,4072,2026Q1
2561,AZ,2020,1,31410,25130,54656,2020Q1
2688,AZ,2020,2,38458,30536,60739,2020Q2
2862,AZ,2020,3,40770,35233,67931,2020Q3
2941,AZ,2020,4,42597,37908,69848,2020Q4
3095,AZ,2021,1,53767,42581,79660,2021Q1
3226,AZ,2021,2,61955,46598,90901,2021Q2
3333,AZ,2021,3,63485,50341,102406,2021Q3
3423,AZ,2021,4,78995,54354,114102,2021Q4
3518,AZ,2022,1,91633,60005,132904,2022Q1
3632,AZ,2022,2,107558,65003,155946,2022Q2
3781,AZ,2022,3,109059,70881,176896,2022Q3
3883,AZ,2022,4,133424,77114,205345,2022Q4
4161,AZ,2023,1,135604,83478,227771,2023Q1
4327,AZ,2023,2,150880,89643,251669,2023Q2
4476,AZ,2023,3,139397,97249,273802,2023Q3
4598,AZ,2023,4,176009,103201,294718,2023Q4
4744,AZ,2024,1,201218,110204,315919,2024Q1
4930,AZ,2024,2,171190,115054,341349,2024Q2
5195,AZ,2024,3,167554,120797,360758,2024Q3
5366,AZ,2024,4,155279,126911,374279,2024Q4
5658,AZ,2025,1,157545,136030,395135,2025Q1
5949,AZ,2025,2,190906,143069,417181,2025Q2
6273,AZ,2025,3,202117,157848,440938,2025Q3
6535,AZ,2025,4,317762,176566,462008,2025Q4
6907,AZ,2026,1,355234,195331,492237,2026Q1
1523,BA,2020,1,44033,28503,56586,2020Q1
1661,BA,2020,2,48781,30889,60863,2020Q2
1758,BA,2020,3,39223,32844,66184,2020Q3
1824,BA,2020,4,47256,35753,70600,2020Q4
1957,BA,2021,1,78474,38521,79192,2021Q1
2098,BA,2021,2,64608,40680,84778,2021Q2
2166,BA,2021,3,59477,42709,90443,2021Q3
2219,BA,2021,4,53537,45481,94936,2021Q4
2327,BA,2022,1,63860,48428,100317,2022Q1
2368,BA,2022,2,66791,50835,105299,2022Q2
2450,BA,2022,3,55396,53194,110318,2022Q3
2518,BA,2022,4,62617,56236,116018,2022Q4
2644,BA,2023,1,73974,59368,121117,2023Q1
2748,BA,2023,2,78072,62183,127115,2023Q2
2830,BA,2023,3,64790,64438,131785,2023Q3
2943,BA,2023,4,71171,67206,134874,2023Q4
3106,BA,2024,1,76289,70334,138463,2024Q1
3248,BA,2024,2,80429,72427,143303,2024Q2
3316,BA,2024,3,69141,74838,148805,2024Q3
3453,BA,2024,4,75506,77322,152203,2024Q4
3623,BA,2025,1,86141,81944,158767,2025Q1
3773,BA,2025,2,99981,83971,165308,2025Q2
3875,BA,2025,3,89967,87805,168382,2025Q3
4084,BA,2025,4,108128,93254,172452,2025Q4
4300,BA,2026,1,136161,99259,178869,2026Q1
128,BB,2020,1,2434,3049,5049,2020Q1
145,BB,2020,2,3776,3428,5305,2020Q2
149,BB,2020,3,2786,3686,5746,2020Q3
170,BB,2020,4,3573,3970,7004,2020Q4
191,BB,2021,1,4238,4343,7811,2021Q1
198,BB,2021,2,3853,4566,7797,2021Q2
189,BB,2021,3,3333,4743,7909,2021Q3
195,BB,2021,4,2859,4985,8255,2021Q4
209,BB,2022,1,3518,5327,8902,2022Q1
215,BB,2022,2,4286,5591,9090,2022Q2
204,BB,2022,3,3747,5796,9229,2022Q3
218,BB,2022,4,5177,6001,9417,2022Q4
232,BB,2023,1,3835,6223,9707,2023Q1
234,BB,2023,2,5089,6491,9784,2023Q2
236,BB,2023,3,4523,6728,9924,2023Q3
253,BB,2023,4,2744,6973,10467,2023Q4
262,BB,2024,1,3430,7291,10840,2024Q1
246,BB,2024,2,4064,7497,10629,2024Q2
289,BB,2024,3,4009,7720,10759,2024Q3
395,BB,2024,4,4481,8230,11570,2024Q4
370,BB,2025,1,4407,8685,12559,2025Q1
370,BB,2025,2,4905,9168,13582,2025Q2
340,BB,2025,3,4631,9533,13303,2025Q3
345,BB,2025,4,8181,9982,14005,2025Q4
369,BB,2026,1,9952,10660,15006,2026Q1
26487,BD,2020,1,295222,215789,588881,2020Q1
27532,BD,2020,2,390126,246934,656174,2020Q2
28421,BD,2020,3,506514,279159,753764,2020Q3
29400,BD,2020,4,463426,312435,846422,2020Q4
30497,BD,2021,1,617631,342028,973847,2021Q1
31733,BD,2021,2,617469,376506,1090960,2021Q2
32629,BD,2021,3,867496,413698,1285672,2021Q3
34174,BD,2021,4,721604,458953,1561763,2021Q4
34827,BD,2022,1,951775,498464,1694726,2022Q1
35231,BD,2022,2,841838,529276,1799491,2022Q2
35965,BD,2022,3,1170835,568145,1987802,2022Q3
36494,BD,2022,4,972713,615925,2135254,2022Q4
38239,BD,2023,1,1178079,711521,2321701,2023Q1
39061,BD,2023,2,1083550,805826,2468718,2023Q2
40316,BD,2023,3,1522648,945696,2693428,2023Q3
41450,BD,2023,4,1357990,1073374,2859270,2023Q4
45753,BD,2024,1,1597239,1156619,3065089,2024Q1
53476,BD,2024,2,1248660,1200916,3211583,2024Q2
47886,BD,2024,3,1573666,1247382,3400389,2024Q3
53639,BD,2024,4,1758248,1321053,3604084,2024Q4
58113,BD,2025,1,1874593,1399654,3821620,2025Q1
54265,BD,2025,2,1995526,1475344,4033976,2025Q2
54582,BD,2025,3,2565398,1612960,4322260,2025Q3
56135,BD,2025,4,2577601,1748240,4556646,2025Q4
58109,BD,2026,1,3026760,1882249,4843280,2026Q1
13076,BE,2020,1,521326,215927,552638,2020Q1
14306,BE,2020,2,607130,232366,586300,2020Q2
15243,BE,2020,3,474316,246364,616080,2020Q3
16407,BE,2020,4,607340,265029,656456,2020Q4
17673,BE,2021,1,626305,282771,691281,2021Q1
18547,BE,2021,2,611398,296092,728491,2021Q2
19260,BE,2021,3,486359,308251,754544,2021Q3
20185,BE,2021,4,638349,325754,795948,2021Q4
21002,BE,2022,1,648977,347648,839112,2022Q1
21891,BE,2022,2,685434,364198,876941,2022Q2
22816,BE,2022,3,553151,378625,906038,2022Q3
23612,BE,2022,4,718362,397241,913232,2022Q4
24996,BE,2023,1,715892,418586,947022,2023Q1
26046,BE,2023,2,754422,437457,1010130,2023Q2
26949,BE,2023,3,602109,454427,1034337,2023Q3
28115,BE,2023,4,747456,476604,1066417,2023Q4
29457,BE,2024,1,746486,501472,1105109,2024Q1
30376,BE,2024,2,811642,518561,1139655,2024Q2
31459,BE,2024,3,678292,536055,1158679,2024Q3
32958,BE,2024,4,847677,560768,1201643,2024Q4
34937,BE,2025,1,854995,589582,1246041,2025Q1
36040,BE,2025,2,1001616,617775,1289593,2025Q2
37321,BE,2025,3,879024,652073,1325189,2025Q3
38536,BE,2025,4,1140142,696057,1366626,2025Q4
41004,BE,2026,1,1437901,748934,1426775,2026Q1
275,BF,2020,1,1029,2530,3051,2020Q1
296,BF,2020,2,1614,2888,3506,2020Q2
327,BF,2020,3,1966,3346,3935,2020Q3
344,BF,2020,4,2895,3820,4888,2020Q4
358,BF,2021,1,2210,4382,5545,2021Q1
386,BF,2021,2,2632,5162,6430,2021Q2
403,BF,2021,3,2605,5786,7480,2021Q3
413,BF,2021,4,3064,6433,8178,2021Q4
425,BF,2022,1,5251,7180,9625,2022Q1
443,BF,2022,2,5992,7772,10608,2022Q2
470,BF,2022,3,8168,8465,12157,2022Q3
476,BF,2022,4,7157,9154,12908,2022Q4
507,BF,2023,1,8764,9991,14068,2023Q1
524,BF,2023,2,7852,10891,15559,2023Q2
555,BF,2023,3,8040,11888,17889,2023Q3
591,BF,2023,4,8030,12709,19275,2023Q4
615,BF,2024,1,6394,13706,21091,2024Q1
651,BF,2024,2,7207,14728,22303,2024Q2
710,BF,2024,3,10002,16009,24471,2024Q3
753,BF,2024,4,10668,17340,26109,2024Q4
846,BF,2025,1,13240,19673,29099,2025Q1
884,BF,2025,2,25147,21988,32585,2025Q2
942,BF,2025,3,25883,25952,36921,2025Q3
1030,BF,2025,4,31535,29644,40638,2025Q4
1116,BF,2026,1,54974,33834,45520,2026Q1
9039,BG,2020,1,229840,105264,279984,2020Q1
9487,BG,2020,2,269027,112717,294841,2020Q2
9876,BG,2020,3,217897,118753,307934,2020Q3
10186,BG,2020,4,270853,126053,323676,2020Q4
10565,BG,2021,1,334279,134389,345558,2021Q1
10854,BG,2021,2,291319,140723,362560,2021Q2
11141,BG,2021,3,264891,147125,379183,2021Q3
11459,BG,2021,4,322887,154311,396076,2021Q4
11786,BG,2022,1,351700,164895,420736,2022Q1
12100,BG,2022,2,414264,174422,449320,2022Q2
12477,BG,2022,3,390298,182284,474821,2022Q3
12742,BG,2022,4,449348,190603,493382,2022Q4
13302,BG,2023,1,509976,201316,519955,2023Q1
13699,BG,2023,2,462232,211762,546776,2023Q2
14302,BG,2023,3,424370,221792,568854,2023Q3
14724,BG,2023,4,511439,231344,589607,2023Q4
15378,BG,2024,1,564964,242757,615996,2024Q1
15688,BG,2024,2,483475,258010,639088,2024Q2
16346,BG,2024,3,422281,259725,660746,2024Q3
17003,BG,2024,4,460432,267729,681656,2024Q4
18122,BG,2025,1,521026,283597,715778,2025Q1
18944,BG,2025,2,519470,295287,750494,2025Q2
19889,BG,2025,3,483136,315133,785797,2025Q3
20404,BG,2025,4,542021,337077,816564,2025Q4
21985,BG,2026,1,731493,362099,853346,2026Q1
755,BH,2020,1,4659,9381,11829,2020Q1
795,BH,2020,2,7455,10836,13379,2020Q2
827,BH,2020,3,8122,12182,14495,2020Q3
875,BH,2020,4,11579,13588,15713,2020Q4
918,BH,2021,1,14577,14877,17895,2021Q1
963,BH,2021,2,14910,16170,20291,2021Q2
997,BH,2021,3,11842,17405,21382,2021Q3
1033,BH,2021,4,13329,19084,24625,2021Q4
1049,BH,2022,1,14502,20701,27150,2022Q1
1063,BH,2022,2,13349,22089,28976,2022Q2
1090,BH,2022,3,10859,23345,30974,2022Q3
1154,BH,2022,4,17139,24950,33620,2022Q4
1263,BH,2023,1,20507,26988,37650,2023Q1
1292,BH,2023,2,19553,29282,39760,2023Q2
1353,BH,2023,3,16733,31017,40315,2023Q3
1412,BH,2023,4,27211,33198,44589,2023Q4
1458,BH,2024,1,29193,35254,46625,2024Q1
1528,BH,2024,2,26944,36939,50598,2024Q2
1619,BH,2024,3,29061,38462,52847,2024Q3
1736,BH,2024,4,47109,40923,60714,2024Q4
1827,BH,2025,1,35395,45181,66309,2025Q1
1909,BH,2025,2,50226,47722,72331,2025Q2
1914,BH,2025,3,70396,51539,81553,2025Q3
2008,BH,2025,4,77023,57359,88771,2025Q4
2118,BH,2026,1,76837,62656,94347,2026Q1
115,BI,2020,3,1456,1324,2290,2020Q3
115,BI,2020,4,1264,1481,2624,2020Q4
136,BI,2021,2,1932,1804,3225,2021Q2
143,BI,2021,3,2429,1965,3635,2021Q3
151,BI,2021,4,2912,2151,3873,2021Q4
161,BI,2022,1,3848,2363,4505,2022Q1
157,BI,2022,2,4976,2614,5126,2022Q2
168,BI,2022,3,5066,2845,5792,2022Q3
180,BI,2022,4,5950,3066,6310,2022Q4
200,BI,2023,1,7085,3326,6998,2023Q1
208,BI,2023,2,5882,3572,7777,2023Q2
233,BI,2023,3,5244,3858,8366,2023Q3
235,BI,2023,4,3691,4119,8688,2023Q4
253,BI,2024,1,4471,4465,9452,2024Q1
271,BI,2024,2,6204,4823,10344,2024Q2
279,BI,2024,3,6920,5273,11200,2024Q3
300,BI,2024,4,5537,5680,12485,2024Q4
318,BI,2025,1,5896,6299,13363,2025Q1
341,BI,2025,2,7874,6964,14274,2025Q2
369,BI,2025,3,8122,7791,15192,2025Q3
380,BI,2025,4,12085,8509,16229,2025Q4
393,BI,2026,1,16631,9617,17971,2026Q1
738,BJ,2020,1,3614,6329,8359,2020Q1
776,BJ,2020,2,4684,7239,9388,2020Q2
816,BJ,2020,3,5908,8303,10814,2020Q3
857,BJ,2020,4,6092,9483,11962,2020Q4
888,BJ,2021,1,5880,11223,13786,2021Q1
954,BJ,2021,2,8848,13229,16014,2021Q2
986,BJ,2021,3,15335,14569,19219,2021Q3
1036,BJ,2021,4,13095,16107,21994,2021Q4
1081,BJ,2022,1,22238,17593,25516,2022Q1
1126,BJ,2022,2,31275,19009,29006,2022Q2
1234,BJ,2022,3,33927,20636,32368,2022Q3
1277,BJ,2022,4,35479,21971,35628,2022Q4
1409,BJ,2023,1,36640,23839,39873,2023Q1
1482,BJ,2023,2,29331,25934,44006,2023Q2
1580,BJ,2023,3,31812,27719,47241,2023Q3
1662,BJ,2023,4,25982,29437,49874,2023Q4
1723,BJ,2024,1,29651,31293,53124,2024Q1
1818,BJ,2024,2,32022,33682,57853,2024Q2
1916,BJ,2024,3,35504,35779,62155,2024Q3
1973,BJ,2024,4,37546,38346,66265,2024Q4
2152,BJ,2025,1,43827,42377,74440,2025Q1
2361,BJ,2025,2,64100,47014,85303,2025Q2
2531,BJ,2025,3,75740,53043,94794,2025Q3
2712,BJ,2025,4,91186,59062,104139,2025Q4
2890,BJ,2026,1,135375,66467,117896,2026Q1
242,BM,2026,1,5533,3257,4708,2026Q1
266,BN,2020,1,2215,3960,4385,2020Q1
280,BN,2020,2,3937,4387,4698,2020Q2
299,BN,2020,3,2330,4740,5041,2020Q3
341,BN,2020,4,4882,5075,5609,2020Q4
359,BN,2021,1,4542,5468,6241,2021Q1
373,BN,2021,2,8128,5931,7044,2021Q2
374,BN,2021,3,4059,6362,7529,2021Q3
375,BN,2021,4,4929,6853,8046,2021Q4
384,BN,2022,1,9132,7549,8792,2022Q1
383,BN,2022,2,5859,7887,8652,2022Q2
388,BN,2022,3,3662,8241,8910,2022Q3
386,BN,2022,4,4952,8564,9359,2022Q4
408,BN,2023,1,4114,9012,9873,2023Q1
406,BN,2023,2,4339,9548,10075,2023Q2
415,BN,2023,3,4604,10115,10696,2023Q3
423,BN,2023,4,4266,10536,10907,2023Q4
432,BN,2024,1,3410,11280,11294,2024Q1
440,BN,2024,2,4969,11596,11446,2024Q2
479,BN,2024,3,5237,12070,12113,2024Q3
533,BN,2024,4,5587,12749,12759,2024Q4
542,BN,2025,1,6790,14635,13508,2025Q1
575,BN,2025,2,7054,14444,14373,2025Q2
555,BN,2025,3,9191,15345,15564,2025Q3
540,BN,2025,4,7625,16465,17674,2025Q4
543,BN,2026,1,9479,17551,17655,2026Q1
2741,BO,2020,1,38753,37160,83547,2020Q1
2935,BO,2020,2,58824,41552,91412,2020Q2
3071,BO,2020,3,56492,45980,99402,2020Q3
3213,BO,2020,4,57751,49502,107779,2020Q4
3300,BO,2021,1,50981,52758,115654,2021Q1
3463,BO,2021,2,75699,56922,125608,2021Q2
3584,BO,2021,3,68199,61087,135692,2021Q3
3664,BO,2021,4,73891,64703,145958,2021Q4
3774,BO,2022,1,61196,69079,155711,2022Q1
3893,BO,2022,2,92405,74140,168154,2022Q2
4050,BO,2022,3,83217,79145,177505,2022Q3
4150,BO,2022,4,103167,84311,190767,2022Q4
4391,BO,2023,1,82267,89616,202513,2023Q1
4558,BO,2023,2,119187,98155,216026,2023Q2
4750,BO,2023,3,101768,105628,228538,2023Q3
4938,BO,2023,4,134273,113392,243863,2023Q4
5089,BO,2024,1,101457,121083,257718,2024Q1
5407,BO,2024,2,166608,128989,277189,2024Q2
5642,BO,2024,3,139598,137013,295797,2024Q3
5968,BO,2024,4,188746,145136,317197,2024Q4
6219,BO,2025,1,131770,155263,336333,2025Q1
6525,BO,2025,2,261043,165478,365805,2025Q2
6835,BO,2025,3,224717,183951,393828,2025Q3
7163,BO,2025,4,336480,204554,429100,2025Q4
7543,BO,2026,1,273991,222560,453816,2026Q1
125302,BR,2020,1,2530973,1400662,3602025,2020Q1
134257,BR,2020,2,3634133,1544319,3977667,2020Q2
140871,BR,2020,3,3746932,1693935,4359081,2020Q3
146348,BR,2020,4,3564724,1820522,4698298,2020Q4
153201,BR,2021,1,4013438,1970500,5097515,2021Q1
161359,BR,2021,2,4832491,2164091,5585692,2021Q2
167414,BR,2021,3,4946212,2373783,6143363,2021Q3
171435,BR,2021,4,4787766,2547533,6636791,2021Q4
177395,BR,2022,1,5216937,2779079,7259627,2022Q1
182980,BR,2022,2,6264236,3048283,7901798,2022Q2
190122,BR,2022,3,6514861,3301942,8587243,2022Q3
195313,BR,2022,4,6244922,3501226,9205113,2022Q4
205861,BR,2023,1,6292476,3736602,9861234,2023Q1
214250,BR,2023,2,7339612,4024727,10568833,2023Q2
223821,BR,2023,3,6904053,4315369,11279341,2023Q3
232055,BR,2023,4,7135602,4532935,11946851,2023Q4
241770,BR,2024,1,6400694,4812874,12598335,2024Q1
252311,BR,2024,2,7982148,5139186,13438772,2024Q2
263138,BR,2024,3,7856046,5483694,14364770,2024Q3
274265,BR,2024,4,7936768,5770595,15242618,2024Q4
289334,BR,2025,1,7556006,6098724,15992738,2025Q1
305080,BR,2025,2,10975777,6528548,17051466,2025Q2
323822,BR,2025,3,10684667,7099749,18066640,2025Q3
334552,BR,2025,4,11583055,7653586,18948497,2025Q4
356493,BR,2026,1,13510410,8317960,19918250,2026Q1
170,BS,2020,2,2616,2926,2722,2020Q2
187,BS,2020,4,1811,3648,2823,2020Q4
201,BS,2021,1,1758,4003,3135,2021Q1
211,BS,2021,2,2222,4303,3821,2021Q2
203,BS,2021,3,1565,4558,3957,2021Q3
216,BS,2021,4,2129,4867,4189,2021Q4
260,BS,2022,1,3060,5283,5594,2022Q1
262,BS,2022,2,3426,5662,6213,2022Q2
244,BS,2022,3,5021,5914,6556,2022Q3
244,BS,2022,4,3092,6150,6319,2022Q4
264,BS,2023,1,2906,6440,7653,2023Q1
260,BS,2023,2,2868,6726,7194,2023Q2
274,BS,2023,3,2397,6955,7496,2023Q3
275,BS,2023,4,2921,7177,7537,2023Q4
283,BS,2024,1,1701,7642,7626,2024Q1
299,BS,2024,2,2015,7873,8781,2024Q2
321,BS,2024,3,2249,8046,8997,2024Q3
411,BS,2024,4,2144,8505,8666,2024Q4
350,BS,2025,1,3711,8950,9765,2025Q1
366,BS,2025,2,4702,9312,9575,2025Q2
381,BS,2025,3,5060,9727,9268,2025Q3
383,BS,2025,4,6839,10337,8875,2025Q4
422,BS,2026,1,11510,11344,10643,2026Q1
211,BT,2020,2,1611,2007,2639,2020Q2
231,BT,2020,3,2302,2384,3457,2020Q3
242,BT,2020,4,3373,2654,4162,2020Q4
250,BT,2021,1,3145,2895,4576,2021Q1
274,BT,2021,2,4307,3155,5000,2021Q2
274,BT,2021,3,2244,3634,5697,2021Q3
288,BT,2021,4,2921,3965,6357,2021Q4
303,BT,2022,1,4149,4315,7167,2022Q1
353,BT,2022,2,3496,4588,7646,2022Q2
368,BT,2022,3,3936,4914,8186,2022Q3
367,BT,2022,4,4382,5279,8846,2022Q4
360,BT,2023,1,4576,5648,9464,2023Q1
375,BT,2023,2,5977,6143,10447,2023Q2
385,BT,2023,3,5277,6701,10783,2023Q3
390,BT,2023,4,8073,7190,12328,2023Q4
436,BT,2024,1,8593,7997,13845,2024Q1
462,BT,2024,2,10520,8430,15787,2024Q2
492,BT,2024,3,6378,9024,17451,2024Q3
522,BT,2024,4,8825,9635,18827,2024Q4
572,BT,2025,1,10162,10505,20485,2025Q1
598,BT,2025,2,18514,11091,23356,2025Q2
620,BT,2025,3,14549,12235,25307,2025Q3
653,BT,2025,4,17766,13253,27638,2025Q4
720,BT,2026,1,19722,14370,30002,2026Q1
302,BW,2020,1,1821,4327,4686,2020Q1
324,BW,2020,2,2449,4942,5164,2020Q2
348,BW,2020,3,3231,5416,5714,2020Q3
368,BW,2020,4,2866,5829,6373,2020Q4
379,BW,2021,1,4343,6422,7109,2021Q1
431,BW,2021,2,6922,6966,8530,2021Q2
441,BW,2021,3,5392,7403,9683,2021Q3
448,BW,2021,4,4486,7821,10468,2021Q4
475,BW,2022,1,7078,8501,11621,2022Q1
484,BW,2022,2,11466,9157,12803,2022Q2
511,BW,2022,3,6899,9680,13619,2022Q3
522,BW,2022,4,8189,10237,14491,2022Q4
552,BW,2023,1,11962,11108,15500,2023Q1
579,BW,2023,2,11341,11988,16836,2023Q2
600,BW,2023,3,14280,12780,17843,2023Q3
619,BW,2023,4,8274,13457,18364,2023Q4
628,BW,2024,1,14361,14501,19640,2024Q1
651,BW,2024,2,25913,15508,21732,2024Q2
674,BW,2024,3,8726,16207,22771,2024Q3
709,BW,2024,4,8328,17114,23707,2024Q4
805,BW,2025,1,30256,20006,25990,2025Q1
814,BW,2025,2,44355,21236,29667,2025Q2
844,BW,2025,3,19636,24247,31571,2025Q3
883,BW,2025,4,25621,26883,33896,2025Q4
932,BW,2026,1,55234,30651,38815,2026Q1
6889,BY,2020,1,442084,148529,470719,2020Q1
7410,BY,2020,2,439407,158595,504930,2020Q2
7734,BY,2020,3,400280,170054,529619,2020Q3
8030,BY,2020,4,475998,181242,562170,2020Q4
8260,BY,2021,1,545754,194051,599494,2021Q1
8559,BY,2021,2,552883,204731,632531,2021Q2
8739,BY,2021,3,528265,216789,663508,2021Q3
8930,BY,2021,4,638470,231051,700420,2021Q4
8984,BY,2022,1,625103,246969,737553,2022Q1
8538,BY,2022,2,664862,253594,720976,2022Q2
8697,BY,2022,3,584787,263163,749765,2022Q3
8656,BY,2022,4,662189,273207,774983,2022Q4
8791,BY,2023,1,644220,281666,794420,2023Q1
8862,BY,2023,2,583992,290484,811832,2023Q2
9089,BY,2023,3,463158,297656,821905,2023Q3
9284,BY,2023,4,510190,306332,844489,2023Q4
9594,BY,2024,1,472733,317967,866381,2024Q1
9738,BY,2024,2,463176,326258,883974,2024Q2
9996,BY,2024,3,366942,333334,894833,2024Q3
10206,BY,2024,4,432065,341334,910343,2024Q4
10689,BY,2025,1,397843,352093,922966,2025Q1
10737,BY,2025,2,407049,358848,932120,2025Q2
10970,BY,2025,3,370304,372944,943616,2025Q3
11161,BY,2025,4,460605,390305,963363,2025Q4
11342,BY,2026,1,472146,407977,980644,2026Q1
101,BZ,2021,1,1492,2696,2604,2021Q1
113,BZ,2021,2,2469,2896,2941,2021Q2
111,BZ,2021,3,2246,3170,3754,2021Q3
116,BZ,2021,4,3751,3416,4208,2021Q4
136,BZ,2022,1,3602,3657,5102,2022Q1
143,BZ,2022,2,4009,3854,5535,2022Q2
136,BZ,2022,3,4015,4105,5777,2022Q3
142,BZ,2022,4,3726,4325,5737,2022Q4
158,BZ,2023,1,5296,4709,6370,2023Q1
147,BZ,2023,2,4022,4991,6489,2023Q2
157,BZ,2023,3,2682,5282,7447,2023Q3
162,BZ,2023,4,5597,5517,7866,2023Q4
165,BZ,2024,1,3214,5941,8046,2024Q1
175,BZ,2024,2,3893,6159,8194,2024Q2
187,BZ,2024,3,4063,6399,8617,2024Q3
205,BZ,2024,4,6303,6775,8461,2024Q4
241,BZ,2025,1,7158,7214,9620,2025Q1
241,BZ,2025,2,9316,7696,10363,2025Q2
235,BZ,2025,3,10390,8153,10715,2025Q3
249,BZ,2025,4,14390,8919,11703,2025Q4
258,BZ,2026,1,13664,9715,13055,2026Q1
68602,CA,2020,1,2859170,1134715,3241750,2020Q1
75552,CA,2020,2,3151677,1228068,3477699,2020Q2
79910,CA,2020,3,2788392,1305510,3700698,2020Q3
84473,CA,2020,4,2994468,1384211,3877017,2020Q4
90878,CA,2021,1,3373683,1475923,4129931,2021Q1
96343,CA,2021,2,3185159,1554341,4322917,2021Q2
100191,CA,2021,3,2775711,1630783,4548211,2021Q3
104839,CA,2021,4,3268760,1721887,4832161,2021Q4
110797,CA,2022,1,3777126,1852152,5168926,2022Q1
115298,CA,2022,2,3523922,1949763,5421312,2022Q2
120528,CA,2022,3,3246580,2041836,5672697,2022Q3
125266,CA,2022,4,3849798,2137478,5971277,2022Q4
133064,CA,2023,1,4200005,2256444,6277037,2023Q1
139188,CA,2023,2,3922973,2370776,6562302,2023Q2
145161,CA,2023,3,3700950,2479673,6821536,2023Q3
151209,CA,2023,4,4301590,2597209,7158071,2023Q4
158736,CA,2024,1,4718646,2752533,7509593,2024Q1
164295,CA,2024,2,4324940,2840624,7743831,2024Q2
170726,CA,2024,3,4133360,2946022,8006320,2024Q3
178006,CA,2024,4,4829046,3064962,8302228,2024Q4
187962,CA,2025,1,5270181,3211400,8603355,2025Q1
196618,CA,2025,2,5164880,3358504,8893709,2025Q2
206734,CA,2025,3,5158177,3540310,9167180,2025Q3
215009,CA,2025,4,6254025,3745470,9477224,2025Q4
243463,CA,2026,1,8225761,3991305,9871592,2026Q1
647,CD,2020,1,4382,5406,8304,2020Q1
716,CD,2020,2,6205,6208,9621,2020Q2
778,CD,2020,3,7252,7028,11149,2020Q3
825,CD,2020,4,6432,7840,12380,2020Q4
898,CD,2021,1,7573,8689,14251,2021Q1
984,CD,2021,2,9039,9674,16312,2021Q2
1046,CD,2021,3,9720,10520,18210,2021Q3
1112,CD,2021,4,10234,11266,20056,2021Q4
1128,CD,2022,1,11563,12368,22704,2022Q1
1215,CD,2022,2,17154,13632,26257,2022Q2
1302,CD,2022,3,24445,15072,30032,2022Q3
1356,CD,2022,4,25425,16228,33507,2022Q4
1510,CD,2023,1,23853,17766,36464,2023Q1
1565,CD,2023,2,20748,19364,39079,2023Q2
1676,CD,2023,3,26340,21023,43475,2023Q3
1726,CD,2023,4,23466,22552,46873,2023Q4
1801,CD,2024,1,30112,24594,51707,2024Q1
1902,CD,2024,2,31084,26951,56271,2024Q2
2005,CD,2024,3,34154,29397,61970,2024Q3
2108,CD,2024,4,27527,31782,65036,2024Q4
2183,CD,2025,1,34971,35272,69767,2025Q1
2377,CD,2025,2,59417,40814,77254,2025Q2
2519,CD,2025,3,62915,48716,87423,2025Q3
2656,CD,2025,4,74386,56465,96649,2025Q4
2816,CD,2026,1,112521,66438,108033,2026Q1
181,CG,2021,3,710,1874,2471,2021Q3
194,CG,2021,4,716,2069,2791,2021Q4
204,CG,2022,1,686,2302,3324,2022Q1
202,CG,2022,2,1165,2507,3610,2022Q2
220,CG,2022,3,1992,2817,4347,2022Q3
229,CG,2022,4,3156,3098,4836,2022Q4
246,CG,2023,1,3959,3475,5553,2023Q1
252,CG,2023,2,2434,3910,5917,2023Q2
264,CG,2023,3,4370,4410,7674,2023Q3
281,CG,2023,4,3468,4959,8425,2023Q4
319,CG,2024,1,4020,5508,9237,2024Q1
341,CG,2024,2,4248,6094,9940,2024Q2
369,CG,2024,3,5850,6913,11518,2024Q3
401,CG,2024,4,5498,7819,12753,2024Q4
437,CG,2025,1,7858,10127,14100,2025Q1
472,CG,2025,2,16183,10518,15970,2025Q2
535,CG,2025,3,15556,12882,18287,2025Q3
577,CG,2025,4,19093,15493,20594,2025Q4
615,CG,2026,1,23855,18243,23272,2026Q1
15439,CH,2020,1,739518,218096,651461,2020Q1
16350,CH,2020,2,856745,232183,674367,2020Q2
17562,CH,2020,3,687414,245643,704037,2020Q3
18960,CH,2020,4,848814,261426,751758,2020Q4
20198,CH,2021,1,853284,276209,810258,2021Q1
21041,CH,2021,2,885754,290158,850839,2021Q2
21993,CH,2021,3,720061,303277,890015,2021Q3
23153,CH,2021,4,927435,320661,946785,2021Q4
24490,CH,2022,1,956063,340839,992279,2022Q1
25686,CH,2022,2,1041835,360201,1060399,2022Q2
26860,CH,2022,3,921195,375796,1102984,2022Q3
27988,CH,2022,4,1100752,394402,1157166,2022Q4
30420,CH,2023,1,1130470,413957,1181892,2023Q1
31832,CH,2023,2,1206131,435394,1226262,2023Q2
33124,CH,2023,3,1015812,453622,1268346,2023Q3
34603,CH,2023,4,1225725,475424,1325696,2023Q4
36352,CH,2024,1,1211939,499736,1369421,2024Q1
37916,CH,2024,2,1339950,520443,1420041,2024Q2
39374,CH,2024,3,1135649,540768,1466499,2024Q3
41501,CH,2024,4,1417299,568066,1528280,2024Q4
44080,CH,2025,1,1415557,599880,1572558,2025Q1
46083,CH,2025,2,1601426,631763,1622880,2025Q2
48152,CH,2025,3,1511645,671374,1674056,2025Q3
50758,CH,2025,4,1879074,720134,1754523,2025Q4
55659,CH,2026,1,2395082,781300,1846941,2026Q1
2104,CI,2020,1,8985,16280,22849,2020Q1
2205,CI,2020,2,13013,17973,26188,2020Q2
2282,CI,2020,3,12172,19588,29011,2020Q3
2324,CI,2020,4,9136,21066,31097,2020Q4
2404,CI,2021,1,12015,22656,34467,2021Q1
2502,CI,2021,2,13488,24576,38647,2021Q2
2577,CI,2021,3,15893,26608,43525,2021Q3
2646,CI,2021,4,16771,28562,46828,2021Q4
2709,CI,2022,1,35038,31309,52369,2022Q1
2783,CI,2022,2,35615,33560,56841,2022Q2
2886,CI,2022,3,40996,35962,61807,2022Q3
2909,CI,2022,4,36046,38185,65838,2022Q4
3171,CI,2023,1,42047,41200,80407,2023Q1
3250,CI,2023,2,29142,44326,84593,2023Q2
3354,CI,2023,3,33134,47139,89565,2023Q3
3450,CI,2023,4,31255,50334,93574,2023Q4
3527,CI,2024,1,32175,53734,98731,2024Q1
3632,CI,2024,2,36272,57297,103791,2024Q2
3823,CI,2024,3,39946,61348,112293,2024Q3
3972,CI,2024,4,41839,65786,119783,2024Q4
4152,CI,2025,1,56493,72174,130571,2025Q1
4389,CI,2025,2,76018,79444,143745,2025Q2
4603,CI,2025,3,97486,90113,156108,2025Q3
4786,CI,2025,4,108334,101040,166681,2025Q4
5030,CI,2026,1,177736,112935,184262,2026Q1
11515,CL,2020,1,181299,161209,353627,2020Q1
12560,CL,2020,2,265838,180792,381996,2020Q2
13433,CL,2020,3,283817,201200,416534,2020Q3
14127,CL,2020,4,277257,219082,447182,2020Q4
14673,CL,2021,1,243093,233905,476210,2021Q1
15492,CL,2021,2,347705,254518,516332,2021Q2
15966,CL,2021,3,300908,273042,550327,2021Q3
16493,CL,2021,4,302282,287761,580937,2021Q4
16871,CL,2022,1,293268,306133,615987,2022Q1
17326,CL,2022,2,407404,328161,662314,2022Q2
17982,CL,2022,3,379310,347823,704115,2022Q3
18492,CL,2022,4,425765,364660,745778,2022Q4
19337,CL,2023,1,335473,383817,782678,2023Q1
20174,CL,2023,2,505674,413753,836314,2023Q2
20901,CL,2023,3,456231,438505,880521,2023Q3
21544,CL,2023,4,507679,459555,928630,2023Q4
22397,CL,2024,1,371644,490377,969373,2024Q1
23320,CL,2024,2,592293,520198,1027903,2024Q2
24386,CL,2024,3,561440,545560,1081836,2024Q3
25491,CL,2024,4,681563,569867,1137919,2024Q4
26593,CL,2025,1,474951,598724,1181333,2025Q1
28050,CL,2025,2,843501,637541,1254939,2025Q2
29277,CL,2025,3,902122,693519,1331235,2025Q3
30712,CL,2025,4,1190067,748236,1417107,2025Q4
32599,CL,2026,1,1150381,809093,1485256,2026Q1
1888,CM,2020,1,17736,17469,35227,2020Q1
2040,CM,2020,2,26728,19394,39792,2020Q2
2269,CM,2020,3,24786,21662,45642,2020Q3
2375,CM,2020,4,24301,23662,50236,2020Q4
2482,CM,2021,1,27472,25862,55737,2021Q1
2633,CM,2021,2,33793,28682,61711,2021Q2
2761,CM,2021,3,42838,31193,68798,2021Q3
2847,CM,2021,4,41882,33992,74419,2021Q4
3014,CM,2022,1,56835,37128,83456,2022Q1
3195,CM,2022,2,74285,40226,91727,2022Q2
3340,CM,2022,3,93314,43476,100641,2022Q3
3513,CM,2022,4,90048,47151,111408,2022Q4
3747,CM,2023,1,105833,50882,122667,2023Q1
3931,CM,2023,2,95666,54817,131133,2023Q2
4212,CM,2023,3,107131,58914,141678,2023Q3
4388,CM,2023,4,90456,62879,146879,2023Q4
4533,CM,2024,1,83611,66747,152457,2024Q1
4514,CM,2024,2,87487,71175,160978,2024Q2
4693,CM,2024,3,93460,75936,172834,2024Q3
5004,CM,2024,4,87892,80806,183515,2024Q4
5314,CM,2025,1,103375,87510,199117,2025Q1
5863,CM,2025,2,165387,97917,236564,2025Q2
6562,CM,2025,3,185728,112889,265237,2025Q3
7160,CM,2025,4,204308,125062,285969,2025Q4
7688,CM,2026,1,279598,139140,313651,2026Q1
377119,CN,2020,1,5567938,5885036,20179087,2020Q1
389609,CN,2020,2,6296259,6281702,20997584,2020Q2
411915,CN,2020,3,5590189,6565328,21399767,2020Q3
409365,CN,2020,4,5386337,6968848,22263274,2020Q4
412907,CN,2021,1,4986645,7246949,22751931,2021Q1
411874,CN,2021,2,4397483,7424903,22458670,2021Q2
412702,CN,2021,3,4193052,7637259,22789924,2021Q3
410324,CN,2021,4,3722427,7813172,22678026,2021Q4
393890,CN,2022,1,2933244,7956046,21194535,2022Q1
381546,CN,2022,2,2994154,8161027,20162724,2022Q2
382478,CN,2022,3,3108930,8426231,20480008,2022Q3
383243,CN,2022,4,2745956,8648352,20682299,2022Q4
380776,CN,2023,1,2658923,8863326,20463833,2023Q1
377050,CN,2023,2,2669001,9032875,19989496,2023Q2
367157,CN,2023,3,2109778,9131545,19016352,2023Q3
363843,CN,2023,4,1881378,9274587,18698245,2023Q4
361165,CN,2024,1,1869412,9404966,18378589,2024Q1
369950,CN,2024,2,2480207,9751412,19397574,2024Q2
366558,CN,2024,3,2217782,9960503,19127150,2024Q3
363357,CN,2024,4,2079440,10167867,18868089,2024Q4
358776,CN,2025,1,2017326,10382807,18438150,2025Q1
356293,CN,2025,2,2138478,10608138,18405559,2025Q2
354758,CN,2025,3,2049726,10815602,18380520,2025Q3
351926,CN,2025,4,2330861,11063589,18399604,2025Q4
351045,CN,2026,1,2917473,11351939,18424702,2026Q1
21820,CO,2020,1,585100,281269,678828,2020Q1
23517,CO,2020,2,753909,318051,754217,2020Q2
25010,CO,2020,3,735087,356007,831521,2020Q3
26169,CO,2020,4,705837,385848,906309,2020Q4
27624,CO,2021,1,699743,419083,985427,2021Q1
29083,CO,2021,2,826528,454262,1071589,2021Q2
30496,CO,2021,3,851498,498795,1177190,2021Q3
31921,CO,2021,4,963081,532514,1295439,2021Q4
33162,CO,2022,1,824557,572678,1404443,2022Q1
34005,CO,2022,2,989405,613348,1511733,2022Q2
35909,CO,2022,3,1043908,664639,1641050,2022Q3
37510,CO,2022,4,1115370,706112,1779307,2022Q4
39767,CO,2023,1,1099902,760170,1921849,2023Q1
41259,CO,2023,2,1338149,817838,2067048,2023Q2
42833,CO,2023,3,1204953,874571,2200537,2023Q3
44316,CO,2023,4,1262223,920019,2321957,2023Q4
46554,CO,2024,1,1131828,981221,2446835,2024Q1
48487,CO,2024,2,1493968,1036936,2591481,2024Q2
50861,CO,2024,3,1395787,1095581,2757754,2024Q3
53258,CO,2024,4,1556573,1150014,2911711,2024Q4
56490,CO,2025,1,1488863,1220078,3071171,2025Q1
58630,CO,2025,2,2142351,1295145,3268960,2025Q2
61782,CO,2025,3,2077348,1419912,3497331,2025Q3
64317,CO,2025,4,2568139,1536569,3716648,2025Q4
68919,CO,2026,1,2754728,1670892,3935528,2026Q1
3247,CR,2020,1,65746,52221,117394,2020Q1
3592,CR,2020,2,104827,57535,127659,2020Q2
3936,CR,2020,3,112878,63050,134310,2020Q3
4130,CR,2020,4,113750,67249,144222,2020Q4
4353,CR,2021,1,101218,71898,159554,2021Q1
4646,CR,2021,2,138350,78768,173971,2021Q2
4857,CR,2021,3,107217,84300,185609,2021Q3
4993,CR,2021,4,119987,88759,196394,2021Q4
5156,CR,2022,1,93829,94631,206749,2022Q1
5354,CR,2022,2,127221,100950,218212,2022Q2
5446,CR,2022,3,129363,106837,227126,2022Q3
5597,CR,2022,4,132436,111767,238729,2022Q4
5946,CR,2023,1,122366,118795,251081,2023Q1
6160,CR,2023,2,165661,127197,265442,2023Q2
6395,CR,2023,3,144936,133858,275082,2023Q3
6610,CR,2023,4,157338,139512,286126,2023Q4
6971,CR,2024,1,136502,147767,298274,2024Q1
7180,CR,2024,2,200060,154689,312705,2024Q2
7459,CR,2024,3,189549,161699,326812,2024Q3
7769,CR,2024,4,202209,167869,337967,2024Q4
8294,CR,2025,1,181085,177767,354417,2025Q1
8765,CR,2025,2,282179,186541,371694,2025Q2
9169,CR,2025,3,288129,201036,393189,2025Q3
9497,CR,2025,4,325077,214810,412723,2025Q4
10159,CR,2026,1,366554,231325,435165,2026Q1
715,CU,2020,1,14545,12998,11573,2020Q1
796,CU,2020,2,15419,14407,13348,2020Q2
901,CU,2020,3,14392,16049,14664,2020Q3
973,CU,2020,4,14953,17693,15916,2020Q4
1070,CU,2021,1,17212,19221,17302,2021Q1
1151,CU,2021,2,21566,20918,19787,2021Q2
1155,CU,2021,3,24395,22554,21045,2021Q3
1173,CU,2021,4,21586,23831,22536,2021Q4
1223,CU,2022,1,30971,25653,25816,2022Q1
1301,CU,2022,2,41648,27362,29904,2022Q2
1322,CU,2022,3,36215,28672,32620,2022Q3
1354,CU,2022,4,36668,30356,34272,2022Q4
1342,CU,2023,1,31414,31757,35101,2023Q1
1323,CU,2023,2,33477,33538,35455,2023Q2
1358,CU,2023,3,29470,35000,37973,2023Q3
1337,CU,2023,4,40676,36630,38033,2023Q4
1341,CU,2024,1,36808,38519,39482,2024Q1
1338,CU,2024,2,34592,39952,40452,2024Q2
1353,CU,2024,3,33088,41129,41263,2024Q3
1398,CU,2024,4,36888,42773,42087,2024Q4
1378,CU,2025,1,41293,44370,43502,2025Q1
1380,CU,2025,2,50668,45608,44088,2025Q2
1329,CU,2025,3,41011,47513,43849,2025Q3
1287,CU,2025,4,48217,49992,43782,2025Q4
1255,CU,2026,1,54085,52084,44736,2026Q1
127,CV,2020,1,1285,1511,2303,2020Q1
139,CV,2020,2,2384,1670,2565,2020Q2
147,CV,2020,3,2305,1821,2741,2020Q3
166,CV,2020,4,2004,1932,2910,2020Q4
176,CV,2021,1,2638,2108,3377,2021Q1
189,CV,2021,2,3789,2256,3924,2021Q2
194,CV,2021,3,3339,2354,4173,2021Q3
203,CV,2021,4,2600,2513,4930,2021Q4
218,CV,2022,1,3074,2665,5691,2022Q1
216,CV,2022,2,3697,2844,5816,2022Q2
223,CV,2022,3,3519,2989,6005,2022Q3
234,CV,2022,4,4361,3199,6824,2022Q4
247,CV,2023,1,4006,3393,7419,2023Q1
255,CV,2023,2,4150,3580,7925,2023Q2
263,CV,2023,3,2910,3751,8266,2023Q3
258,CV,2023,4,3442,3956,8399,2023Q4
270,CV,2024,1,4329,5548,9331,2024Q1
275,CV,2024,2,5657,6058,9497,2024Q2
288,CV,2024,3,4662,5837,10354,2024Q3
290,CV,2024,4,4869,5358,10605,2024Q4
310,CV,2025,1,8859,5810,11177,2025Q1
324,CV,2025,2,9029,6114,11285,2025Q2
328,CV,2025,3,5893,6325,11850,2025Q3
341,CV,2025,4,7176,6832,11879,2025Q4
349,CV,2026,1,9381,7526,12997,2026Q1
214,CW,2025,2,3680,4181,5927,2025Q2
219,CW,2025,3,2648,4303,5940,2025Q3
222,CW,2025,4,5551,4590,6179,2025Q4
239,CW,2026,1,6105,5044,6887,2026Q1
904,CY,2020,1,18874,14138,32398,2020Q1
1027,CY,2020,2,24383,15712,34072,2020Q2
1115,CY,2020,3,26190,17220,37951,2020Q3
1210,CY,2020,4,25857,18400,38749,2020Q4
1373,CY,2021,1,31341,20433,42184,2021Q1
1454,CY,2021,2,27795,22079,45888,2021Q2
1520,CY,2021,3,28396,23605,50689,2021Q3
1659,CY,2021,4,35609,25812,58446,2021Q4
1810,CY,2022,1,43357,28252,62883,2022Q1
2086,CY,2022,2,61186,31513,79414,2022Q2
2286,CY,2022,3,71838,34352,90741,2022Q3
2589,CY,2022,4,90230,37993,107869,2022Q4
3035,CY,2023,1,97631,41519,118701,2023Q1
3246,CY,2023,2,98064,45295,128503,2023Q2
3361,CY,2023,3,98730,48129,134382,2023Q3
3652,CY,2023,4,100009,51267,139608,2023Q4
3904,CY,2024,1,99508,54607,141869,2024Q1
3993,CY,2024,2,89432,57164,144882,2024Q2
4174,CY,2024,3,85468,58796,146222,2024Q3
4580,CY,2024,4,97914,63808,159525,2024Q4
5414,CY,2025,1,118416,69908,172514,2025Q1
5488,CY,2025,2,137460,73844,185230,2025Q2
5558,CY,2025,3,129153,77033,179762,2025Q3
6106,CY,2025,4,158083,86456,198533,2025Q4
7061,CY,2026,1,228804,96793,218945,2026Q1
10472,CZ,2020,1,486550,155721,411862,2020Q1
11428,CZ,2020,2,537746,166849,435995,2020Q2
11992,CZ,2020,3,458880,176051,456119,2020Q3
12741,CZ,2020,4,534704,189136,481482,2020Q4
13512,CZ,2021,1,578372,202890,508025,2021Q1
14121,CZ,2021,2,555080,213752,537064,2021Q2
14681,CZ,2021,3,457126,223549,561848,2021Q3
15416,CZ,2021,4,562132,237034,597757,2021Q4
16018,CZ,2022,1,626206,253414,635404,2022Q1
16822,CZ,2022,2,650812,268517,681530,2022Q2
17428,CZ,2022,3,584507,279861,704896,2022Q3
18085,CZ,2022,4,677527,295589,743303,2022Q4
19137,CZ,2023,1,756094,311778,775993,2023Q1
20048,CZ,2023,2,746438,328542,818464,2023Q2
20730,CZ,2023,3,653767,343417,845446,2023Q3
21644,CZ,2023,4,775850,363958,893165,2023Q4
22682,CZ,2024,1,806948,381771,923830,2024Q1
23337,CZ,2024,2,823689,396884,955861,2024Q2
24200,CZ,2024,3,722378,411778,976208,2024Q3
25791,CZ,2024,4,841240,431559,1024868,2024Q4
28060,CZ,2025,1,920395,462906,1066599,2025Q1
29369,CZ,2025,2,1036052,485665,1117923,2025Q2
30610,CZ,2025,3,977899,516760,1157032,2025Q3
31523,CZ,2025,4,1160084,556332,1215541,2025Q4
34024,CZ,2026,1,1642587,606127,1284925,2026Q1
83801,DE,2020,1,3622573,1319588,3453638,2020Q1
92577,DE,2020,2,4211265,1432550,3661059,2020Q2
98448,DE,2020,3,3666680,1519080,3843586,2020Q3
105347,DE,2020,4,4097759,1631022,4053857,2020Q4
113027,DE,2021,1,4509036,1741361,4266647,2021Q1
119643,DE,2021,2,4473869,1846894,4530093,2021Q2
124775,DE,2021,3,3906973,1930582,4734599,2021Q3
130488,DE,2021,4,4411751,2038582,4975085,2021Q4
137792,DE,2022,1,4924329,2180029,5288132,2022Q1
146089,DE,2022,2,4857243,2313149,5652508,2022Q2
152070,DE,2022,3,4775836,2417044,5929566,2022Q3
157136,DE,2022,4,5152515,2538291,6176277,2022Q4
166081,DE,2023,1,5715361,2676735,6428283,2023Q1
173721,DE,2023,2,5508947,2834959,6739721,2023Q2
181530,DE,2023,3,5403146,2972917,7033178,2023Q3
189578,DE,2023,4,5818564,3134538,7301765,2023Q4
198254,DE,2024,1,6305606,3316461,7581513,2024Q1
206288,DE,2024,2,6153419,3453380,7868819,2024Q2
214970,DE,2024,3,5963323,3594869,8158633,2024Q3
224648,DE,2024,4,6295034,3782196,8507692,2024Q4
237023,DE,2025,1,7092570,4006483,8851385,2025Q1
248157,DE,2025,2,7527185,4277766,9181827,2025Q2
258271,DE,2025,3,7889660,4530745,9614609,2025Q3
270133,DE,2025,4,8772950,4858805,9976837,2025Q4
287945,DE,2026,1,11508698,5255625,10506693,2026Q1
158,DJ,2024,4,1472,3411,4079,2024Q4
169,DJ,2025,1,2242,3709,4493,2025Q1
166,DJ,2025,2,3797,3992,4805,2025Q2
170,DJ,2025,3,3231,4463,5123,2025Q3
178,DJ,2025,4,5466,5156,5697,2025Q4
191,DJ,2026,1,6467,5867,6428,2026Q1
11076,DK,2020,1,409559,177756,445335,2020Q1
12047,DK,2020,2,486257,187717,466211,2020Q2
12812,DK,2020,3,340788,198968,486755,2020Q3
13645,DK,2020,4,505384,211440,518646,2020Q4
14593,DK,2021,1,457531,222468,542598,2021Q1
15458,DK,2021,2,527348,231435,565778,2021Q2
16086,DK,2021,3,362631,241348,589898,2021Q3
17037,DK,2021,4,589288,253517,624720,2021Q4
17861,DK,2022,1,560254,269000,659093,2022Q1
18558,DK,2022,2,648794,280283,686675,2022Q2
19318,DK,2022,3,474442,291541,712081,2022Q3
20149,DK,2022,4,671595,303995,750368,2022Q4
21745,DK,2023,1,654349,317817,779824,2023Q1
22635,DK,2023,2,728027,330524,808399,2023Q2
23718,DK,2023,3,511720,344148,834275,2023Q3
24574,DK,2023,4,791244,358428,871396,2023Q4
25815,DK,2024,1,689392,374840,894587,2024Q1
26868,DK,2024,2,824754,387094,919612,2024Q2
28038,DK,2024,3,563374,400769,942901,2024Q3
29428,DK,2024,4,864808,417886,980337,2024Q4
31447,DK,2025,1,775581,439537,1015008,2025Q1
32354,DK,2025,2,949619,459292,1054589,2025Q2
33544,DK,2025,3,728596,483401,1079429,2025Q3
35058,DK,2025,4,1081430,510212,1118223,2025Q4
37332,DK,2026,1,1217463,543334,1167132,2026Q1
3516,DO,2020,1,51494,38046,78490,2020Q1
3792,DO,2020,2,64001,43098,87198,2020Q2
3988,DO,2020,3,63912,47859,99097,2020Q3
4100,DO,2020,4,60105,51993,107604,2020Q4
4276,DO,2021,1,66536,55675,117653,2021Q1
4429,DO,2021,2,73007,59641,127405,2021Q2
4553,DO,2021,3,70388,63522,136296,2021Q3
4636,DO,2021,4,72449,67172,145634,2021Q4
4817,DO,2022,1,72920,72082,155055,2022Q1
4971,DO,2022,2,84343,76989,165341,2022Q2
5051,DO,2022,3,86859,82085,176763,2022Q3
5143,DO,2022,4,86342,86973,186767,2022Q4
5441,DO,2023,1,92351,92849,196254,2023Q1
5568,DO,2023,2,99710,99701,205820,2023Q2
5761,DO,2023,3,98102,106058,218751,2023Q3
5896,DO,2023,4,97926,112174,228606,2023Q4
6069,DO,2024,1,91579,119980,240751,2024Q1
6270,DO,2024,2,117447,126140,252701,2024Q2
6504,DO,2024,3,123075,132498,266310,2024Q3
6741,DO,2024,4,126385,139113,284598,2024Q4
7055,DO,2025,1,143142,149792,303150,2025Q1
7309,DO,2025,2,188547,159180,321058,2025Q2
7565,DO,2025,3,207573,176394,339585,2025Q3
7834,DO,2025,4,244061,196190,359451,2025Q4
8326,DO,2026,1,360443,217451,385344,2026Q1
11218,DZ,2020,1,42571,91819,99498,2020Q1
11518,DZ,2020,2,61168,103633,112074,2020Q2
11756,DZ,2020,3,56607,112889,122857,2020Q3
11920,DZ,2020,4,58223,122426,132912,2020Q4
12046,DZ,2021,1,56173,132744,145453,2021Q1
12298,DZ,2021,2,63427,145009,161062,2021Q2
12467,DZ,2021,3,76471,157075,181234,2021Q3
12598,DZ,2021,4,70545,169045,194104,2021Q4
12754,DZ,2022,1,83156,181881,210386,2022Q1
12867,DZ,2022,2,92743,193177,228439,2022Q2
13052,DZ,2022,3,97249,205340,246103,2022Q3
13176,DZ,2022,4,103102,219383,258639,2022Q4
13859,DZ,2023,1,129339,238157,275296,2023Q1
14052,DZ,2023,2,125089,256873,290191,2023Q2
14282,DZ,2023,3,151598,273534,311042,2023Q3
14510,DZ,2023,4,139757,291726,325505,2023Q4
14878,DZ,2024,1,152386,313294,344032,2024Q1
15186,DZ,2024,2,158709,331205,365356,2024Q2
15580,DZ,2024,3,157904,346777,388455,2024Q3
16137,DZ,2024,4,169588,367363,408633,2024Q4
16722,DZ,2025,1,198757,393565,441639,2025Q1
17062,DZ,2025,2,308711,422835,472891,2025Q2
17387,DZ,2025,3,306426,467820,511617,2025Q3
17846,DZ,2025,4,452950,532883,555026,2025Q4
18514,DZ,2026,1,623978,586990,610032,2026Q1
5456,EC,2020,1,88556,70527,138828,2020Q1
5823,EC,2020,2,118889,80365,153193,2020Q2
6143,EC,2020,3,141446,90657,169760,2020Q3
6343,EC,2020,4,109776,99378,185201,2020Q4
6614,EC,2021,1,133343,107074,202505,2021Q1
7020,EC,2021,2,138486,116303,221886,2021Q2
7177,EC,2021,3,165774,125033,244612,2021Q3
7344,EC,2021,4,134101,132928,263302,2021Q4
7594,EC,2022,1,178900,142291,285145,2022Q1
7810,EC,2022,2,179759,152157,308279,2022Q2
8006,EC,2022,3,201090,161205,332621,2022Q3
8158,EC,2022,4,175775,170122,355371,2022Q4
8596,EC,2023,1,208737,180536,382366,2023Q1
8902,EC,2023,2,215119,195414,411881,2023Q2
9151,EC,2023,3,238029,208560,437206,2023Q3
9432,EC,2023,4,211894,221762,465305,2023Q4
9705,EC,2024,1,242274,236684,495279,2024Q1
9998,EC,2024,2,274329,250587,529854,2024Q2
10357,EC,2024,3,305423,263112,563309,2024Q3
10751,EC,2024,4,288518,276454,599489,2024Q4
11311,EC,2025,1,344976,294790,641690,2025Q1
11799,EC,2025,2,434437,314487,696789,2025Q2
12261,EC,2025,3,446510,347719,748209,2025Q3
12774,EC,2025,4,535515,383385,806485,2025Q4
13477,EC,2026,1,651219,418829,866721,2026Q1
2381,EE,2020,1,93937,40432,128773,2020Q1
2623,EE,2020,2,112115,42924,135575,2020Q2
2882,EE,2020,3,93315,45746,145276,2020Q3
3040,EE,2020,4,121513,48999,155885,2020Q4
3245,EE,2021,1,110311,51852,165655,2021Q1
3385,EE,2021,2,112841,54042,171553,2021Q2
3549,EE,2021,3,94148,56894,181991,2021Q3
3718,EE,2021,4,132775,60318,200769,2021Q4
3956,EE,2022,1,129041,64671,217230,2022Q1
4222,EE,2022,2,127751,68457,232206,2022Q2
4476,EE,2022,3,112480,71919,244650,2022Q3
4546,EE,2022,4,154762,75676,252091,2022Q4
4827,EE,2023,1,155656,79333,257364,2023Q1
5006,EE,2023,2,149019,83321,268825,2023Q2
5192,EE,2023,3,134810,87150,275978,2023Q3
5383,EE,2023,4,177939,91613,292315,2023Q4
5701,EE,2024,1,176105,97048,301316,2024Q1
5937,EE,2024,2,182613,100231,316587,2024Q2
6322,EE,2024,3,142579,104593,325901,2024Q3
6762,EE,2024,4,198117,107649,341078,2024Q4
7414,EE,2025,1,232343,115679,357492,2025Q1
7855,EE,2025,2,216185,119176,376395,2025Q2
8210,EE,2025,3,199323,126626,394550,2025Q3
8571,EE,2025,4,281798,136016,416635,2025Q4
9515,EE,2026,1,371519,149001,441650,2026Q1
21313,EG,2020,1,220973,236751,432883,2020Q1
22301,EG,2020,2,339308,269768,490228,2020Q2
23346,EG,2020,3,290492,297793,542513,2020Q3
24695,EG,2020,4,286834,329651,617998,2020Q4
25864,EG,2021,1,375518,360922,697807,2021Q1
26732,EG,2021,2,448949,393395,732519,2021Q2
27867,EG,2021,3,438725,427799,809687,2021Q3
28452,EG,2021,4,441769,464402,890028,2021Q4
28979,EG,2022,1,531800,503619,979525,2022Q1
29656,EG,2022,2,722183,542611,1078725,2022Q2
30501,EG,2022,3,789779,591402,1182656,2022Q3
31324,EG,2022,4,799998,640531,1288718,2022Q4
32851,EG,2023,1,1325338,687838,1412388,2023Q1
33969,EG,2023,2,1333930,737955,1521362,2023Q2
35112,EG,2023,3,1738232,792790,1654994,2023Q3
36295,EG,2023,4,1287198,841653,1764679,2023Q4
37580,EG,2024,1,1236857,892496,1889887,2024Q1
39139,EG,2024,2,1332412,941000,2028477,2024Q2
40858,EG,2024,3,1375072,994433,2191209,2024Q3
42987,EG,2024,4,1372242,1061997,2348847,2024Q4
45352,EG,2025,1,1278238,1130281,2494674,2025Q1
47358,EG,2025,2,1880163,1210216,2686732,2025Q2
49817,EG,2025,3,1999635,1340900,2916550,2025Q3
52263,EG,2025,4,2264375,1498289,3127263,2025Q4
55516,EG,2026,1,2554385,1626418,3336763,2026Q1
40219,ES,2020,1,1477052,650592,1744385,2020Q1
43700,ES,2020,2,1768177,711308,1848052,2020Q2
45806,ES,2020,3,1204481,753123,1936334,2020Q3
48652,ES,2020,4,1727480,812307,2087164,2020Q4
51835,ES,2021,1,1844913,869221,2255957,2021Q1
54635,ES,2021,2,1954129,917477,2388864,2021Q2
56541,ES,2021,3,1359940,960915,2494913,2021Q3
59228,ES,2021,4,1987165,1019602,2669934,2021Q4
62346,ES,2022,1,2172257,1094467,2895317,2022Q1
65046,ES,2022,2,2267650,1155246,3115199,2022Q2
67463,ES,2022,3,1777970,1210960,3269162,2022Q3
70410,ES,2022,4,2499006,1285942,3470419,2022Q4
75198,ES,2023,1,2756933,1370198,3680733,2023Q1
78712,ES,2023,2,2759771,1453100,3873102,2023Q2
81949,ES,2023,3,2014056,1521688,3982800,2023Q3
86447,ES,2023,4,2943269,1612713,4213287,2023Q4
91060,ES,2024,1,3083947,1720498,4444999,2024Q1
94835,ES,2024,2,3243527,1807052,4640901,2024Q2
98305,ES,2024,3,2312991,1882940,4771606,2024Q3
104306,ES,2024,4,3487587,1989867,5042243,2024Q4
110518,ES,2025,1,3718331,2116788,5287022,2025Q1
115254,ES,2025,2,4025377,2233283,5499441,2025Q2
120322,ES,2025,3,3236460,2380413,5674945,2025Q3
126774,ES,2025,4,4906180,2574611,5805695,2025Q4
136770,ES,2026,1,6265787,2802085,6144295,2026Q1
1583,ET,2020,1,20695,23109,33274,2020Q1
1763,ET,2020,2,18318,26677,38033,2020Q2
1910,ET,2020,3,16285,29308,41553,2020Q3
2045,ET,2020,4,20878,32068,46174,2020Q4
2165,ET,2021,1,52203,35422,52868,2021Q1
2416,ET,2021,2,60536,39133,60180,2021Q2
2662,ET,2021,3,127627,43175,71674,2021Q3
2835,ET,2021,4,83194,46902,82444,2021Q4
3055,ET,2022,1,321555,55274,106978,2022Q1
3294,ET,2022,2,581240,63891,134408,2022Q2
3557,ET,2022,3,546823,73199,159364,2022Q3
3760,ET,2022,4,564614,79983,185024,2022Q4
4031,ET,2023,1,604537,85868,204494,2023Q1
3748,ET,2023,2,257445,83920,168831,2023Q2
4454,ET,2023,3,377202,93735,221973,2023Q3
4951,ET,2023,4,364135,104714,262073,2023Q4
5462,ET,2024,1,368747,115757,295218,2024Q1
5904,ET,2024,2,292328,126466,324903,2024Q2
6359,ET,2024,3,314612,137035,356885,2024Q3
6946,ET,2024,4,322319,150898,392426,2024Q4
7489,ET,2025,1,355893,164402,429763,2025Q1
8105,ET,2025,2,420251,178436,471157,2025Q2
8720,ET,2025,3,462903,200648,516906,2025Q3
9244,ET,2025,4,497166,227715,565340,2025Q4
9927,ET,2026,1,616735,251351,611510,2026Q1
8531,FI,2020,1,451942,145464,418955,2020Q1
9176,FI,2020,2,449701,154161,440690,2020Q2
9750,FI,2020,3,387036,162910,462764,2020Q3
10439,FI,2020,4,495854,172901,487701,2020Q4
11172,FI,2021,1,511903,183288,515393,2021Q1
11714,FI,2021,2,480972,191775,538944,2021Q2
12244,FI,2021,3,403465,200264,565746,2021Q3
12871,FI,2021,4,555652,210319,596053,2021Q4
13502,FI,2022,1,570116,225454,632748,2022Q1
14139,FI,2022,2,544952,237619,668853,2022Q2
14568,FI,2022,3,464431,247938,694960,2022Q3
15275,FI,2022,4,667463,261156,736264,2022Q4
16437,FI,2023,1,689827,276673,774404,2023Q1
17249,FI,2023,2,624914,291618,810960,2023Q2
17893,FI,2023,3,561703,304883,844137,2023Q3
18825,FI,2023,4,756904,319853,882125,2023Q4
20157,FI,2024,1,777440,338521,925556,2024Q1
20613,FI,2024,2,691997,351130,954402,2024Q2
21513,FI,2024,3,616583,364222,993222,2024Q3
23205,FI,2024,4,856562,383819,1057769,2024Q4
25931,FI,2025,1,881811,408980,1125019,2025Q1
26910,FI,2025,2,890684,430829,1185360,2025Q2
27982,FI,2025,3,835478,458053,1232340,2025Q3
29376,FI,2025,4,1120379,492059,1296882,2025Q4
32229,FI,2026,1,1322902,538218,1375482,2026Q1
136,FJ,2021,3,784,2991,2823,2021Q3
136,FJ,2021,4,978,3178,2959,2021Q4
151,FJ,2022,3,1321,3964,3672,2022Q3
162,FJ,2022,4,1492,4252,3888,2022Q4
172,FJ,2023,2,1936,4926,4146,2023Q2
185,FJ,2023,3,2252,5305,4605,2023Q3
185,FJ,2024,1,3945,5925,4994,2024Q1
215,FJ,2024,2,2087,6231,5163,2024Q2
221,FJ,2024,3,1782,6587,5462,2024Q3
239,FJ,2024,4,3595,6953,5836,2024Q4
251,FJ,2025,1,2748,7637,6385,2025Q1
263,FJ,2025,2,5086,8096,6829,2025Q2
265,FJ,2025,3,4132,9052,7157,2025Q3
270,FJ,2025,4,5115,9826,7702,2025Q4
287,FJ,2026,1,10102,10906,8303,2026Q1
175,FO,2025,3,5081,2229,3855,2025Q3
176,FO,2025,4,3793,2350,3682,2025Q4
195,FO,2026,1,4955,2508,4081,2026Q1
69164,FR,2020,1,2938432,1067323,2891946,2020Q1
75544,FR,2020,2,3364046,1154301,3087477,2020Q2
79393,FR,2020,3,2422580,1217848,3201888,2020Q3
84978,FR,2020,4,3316719,1310873,3401534,2020Q4
90413,FR,2021,1,3529009,1400063,3603008,2021Q1
95299,FR,2021,2,3582179,1475345,3796318,2021Q2
98866,FR,2021,3,2758044,1540101,3964650,2021Q3
103247,FR,2021,4,3554191,1630862,4187331,2021Q4
108058,FR,2022,1,4087268,1760940,4476262,2022Q1
112568,FR,2022,2,3999987,1860335,4691374,2022Q2
116674,FR,2022,3,3381734,1936463,4868842,2022Q3
120917,FR,2022,4,4196186,2037520,5126816,2022Q4
127838,FR,2023,1,4804603,2156516,5380259,2023Q1
132104,FR,2023,2,4597916,2271129,5589350,2023Q2
137504,FR,2023,3,3816691,2372522,5816558,2023Q3
144239,FR,2023,4,4884748,2501700,6105066,2023Q4
150720,FR,2024,1,5267704,2644936,6369002,2024Q1
156171,FR,2024,2,4991176,2730260,6570555,2024Q2
161809,FR,2024,3,4173546,2837148,6743783,2024Q3
170130,FR,2024,4,5443474,2978496,7041974,2024Q4
180550,FR,2025,1,6103285,3153280,7389283,2025Q1
188346,FR,2025,2,6285866,3327893,7674327,2025Q2
194404,FR,2025,3,5660223,3505211,7875166,2025Q3
202064,FR,2025,4,7552272,3756972,8230537,2025Q4
213516,FR,2026,1,9731787,4034001,8494768,2026Q1
143,GA,2020,1,1767,1514,2304,2020Q1
145,GA,2020,3,1174,1809,2857,2020Q3
161,GA,2021,1,1170,2129,3306,2021Q1
173,GA,2021,3,1140,2552,4146,2021Q3
172,GA,2021,4,1862,2782,4510,2021Q4
199,GA,2022,1,2018,3030,4942,2022Q1
200,GA,2022,2,2599,3321,5182,2022Q2
209,GA,2022,3,3512,3597,5878,2022Q3
214,GA,2022,4,2611,3919,6642,2022Q4
232,GA,2023,1,2499,4292,7117,2023Q1
232,GA,2023,2,2283,4766,7609,2023Q2
242,GA,2023,3,2883,5189,8927,2023Q3
244,GA,2023,4,4282,5575,9359,2023Q4
248,GA,2024,1,4121,6041,10305,2024Q1
265,GA,2024,2,3984,6656,11161,2024Q2
277,GA,2024,3,5934,7234,12871,2024Q3
291,GA,2024,4,7178,7871,14098,2024Q4
301,GA,2025,1,8664,10331,15864,2025Q1
323,GA,2025,2,11885,10275,17687,2025Q2
350,GA,2025,3,14266,12148,19008,2025Q3
368,GA,2025,4,16272,14202,20976,2025Q4
375,GA,2026,1,21278,16223,23206,2026Q1
94086,GB,2020,1,3980488,1635516,4171705,2020Q1
102966,GB,2020,2,4513691,1749625,4339230,2020Q2
108624,GB,2020,3,3872270,1843208,4483262,2020Q3
115555,GB,2020,4,4073732,1956184,4738244,2020Q4
123361,GB,2021,1,4616177,2075096,4954273,2021Q1
129347,GB,2021,2,4258700,2175726,5245698,2021Q2
134046,GB,2021,3,3872936,2272740,5460916,2021Q3
139732,GB,2021,4,4244797,2398439,5805239,2021Q4
146279,GB,2022,1,4830374,2555010,6134843,2022Q1
152439,GB,2022,2,4654359,2686737,6431447,2022Q2
158068,GB,2022,3,4538662,2805910,6703976,2022Q3
164385,GB,2022,4,4963732,2946458,7038685,2022Q4
173651,GB,2023,1,5698758,3110915,7388316,2023Q1
181220,GB,2023,2,5255760,3278228,7745518,2023Q2
187528,GB,2023,3,5075412,3422806,8006156,2023Q3
195664,GB,2023,4,5399597,3595978,8321241,2023Q4
204075,GB,2024,1,5887656,3796457,8676575,2024Q1
211363,GB,2024,2,5632768,3935798,8928050,2024Q2
218565,GB,2024,3,5393740,4080458,9183908,2024Q3
227487,GB,2024,4,5819479,4258046,9473826,2024Q4
238904,GB,2025,1,6470741,4465829,9758363,2025Q1
249103,GB,2025,2,6746978,4684240,10025729,2025Q2
258161,GB,2025,3,7014613,4927421,10284460,2025Q3
268028,GB,2025,4,7734568,5220983,10658701,2025Q4
283126,GB,2026,1,10466194,5559767,11018799,2026Q1
101,GD,2026,1,3795,3085,4106,2026Q1
2665,GE,2020,1,34442,29777,48461,2020Q1
2804,GE,2020,2,44315,33381,52938,2020Q2
2908,GE,2020,3,41699,36217,58388,2020Q3
2987,GE,2020,4,51778,39813,66031,2020Q4
3112,GE,2021,1,63711,43214,73556,2021Q1
3249,GE,2021,2,69177,46342,82348,2021Q2
3419,GE,2021,3,72626,49759,92848,2021Q3
3540,GE,2021,4,75414,53984,104275,2021Q4
3726,GE,2022,1,95649,59732,121747,2022Q1
4873,GE,2022,2,200519,73610,214975,2022Q2
5174,GE,2022,3,202453,79896,238395,2022Q3
5776,GE,2022,4,285223,92758,303955,2022Q4
6386,GE,2023,1,340157,103337,345091,2023Q1
6601,GE,2023,2,319058,110827,366403,2023Q2
6788,GE,2023,3,294820,116440,379495,2023Q3
6915,GE,2023,4,271973,122527,389061,2023Q4
7012,GE,2024,1,272266,129930,399918,2024Q1
7254,GE,2024,2,274460,135694,416569,2024Q2
7663,GE,2024,3,256776,140644,431890,2024Q3
7926,GE,2024,4,262871,147127,444986,2024Q4
8265,GE,2025,1,292298,155082,462749,2025Q1
8780,GE,2025,2,302327,161237,484777,2025Q2
9122,GE,2025,3,299786,171024,501924,2025Q3
9752,GE,2025,4,332478,183911,521213,2025Q4
10280,GE,2026,1,445228,198539,545217,2026Q1
106,GF,2025,2,2286,3158,3396,2025Q2
107,GF,2026,1,6269,3915,4194,2026Q1
132,GG,2025,3,3421,2350,3633,2025Q3
168,GG,2026,1,7196,2691,3685,2026Q1
4014,GH,2020,1,43704,42569,85822,2020Q1
4369,GH,2020,2,61811,49033,97581,2020Q2
4672,GH,2020,3,67367,55278,113204,2020Q3
4929,GH,2020,4,58549,59738,122139,2020Q4
5209,GH,2021,1,63988,64799,134294,2021Q1
5559,GH,2021,2,82174,70575,149458,2021Q2
5844,GH,2021,3,92450,76245,168307,2021Q3
6093,GH,2021,4,95916,82027,186896,2021Q4
6380,GH,2022,1,160784,90202,210316,2022Q1
6738,GH,2022,2,242111,98686,235925,2022Q2
7133,GH,2022,3,316045,108077,263972,2022Q3
7370,GH,2022,4,367448,115790,288415,2022Q4
8086,GH,2023,1,633892,130935,325844,2023Q1
8543,GH,2023,2,513525,143402,355827,2023Q2
8920,GH,2023,3,516868,153191,385034,2023Q3
9346,GH,2023,4,339082,160756,409060,2023Q4
9861,GH,2024,1,285745,171415,434721,2024Q1
10192,GH,2024,2,273830,182458,463193,2024Q2
10588,GH,2024,3,276855,193179,488145,2024Q3
11303,GH,2024,4,244831,205106,515974,2024Q4
12286,GH,2025,1,261804,223235,551719,2025Q1
13019,GH,2025,2,354249,244370,601220,2025Q2
13948,GH,2025,3,438795,273163,651846,2025Q3
14581,GH,2025,4,454751,297331,688162,2025Q4
15631,GH,2026,1,593480,328387,736972,2026Q1
174,GI,2025,1,3627,2580,5505,2025Q1
183,GI,2025,2,3032,2815,5800,2025Q2
155,GI,2025,3,1784,2745,4379,2025Q3
180,GI,2025,4,3257,2891,4532,2025Q4
209,GI,2026,1,5009,3007,4579,2026Q1
112,GM,2020,2,2085,1608,2370,2020Q2
148,GM,2021,1,1299,1999,3333,2021Q1
154,GM,2021,2,1115,2139,3724,2021Q2
155,GM,2021,3,1660,2272,3974,2021Q3
158,GM,2021,4,1649,2451,4466,2021Q4
164,GM,2022,1,1819,2617,4976,2022Q1
173,GM,2022,2,3971,2872,5405,2022Q2
170,GM,2022,3,5783,3073,6068,2022Q3
181,GM,2022,4,5546,3314,6937,2022Q4
191,GM,2023,1,7942,3513,7277,2023Q1
201,GM,2023,2,5330,3695,7670,2023Q2
213,GM,2023,3,6588,3912,8178,2023Q3
221,GM,2023,4,5259,4102,8643,2023Q4
225,GM,2024,1,3906,4802,8951,2024Q1
232,GM,2024,2,2835,4983,9300,2024Q2
223,GM,2024,3,2872,5178,9115,2024Q3
239,GM,2024,4,4109,5412,9997,2024Q4
269,GM,2025,1,5299,5940,10907,2025Q1
303,GM,2025,2,4827,6351,12319,2025Q2
323,GM,2025,3,7078,7065,12965,2025Q3
335,GM,2025,4,7357,7784,13506,2025Q4
360,GM,2026,1,10093,8554,14260,2026Q1
217,GN,2020,2,585,1609,1731,2020Q2
241,GN,2021,1,938,2123,2471,2021Q1
242,GN,2021,2,2121,2349,2982,2021Q2
246,GN,2021,3,2284,2563,3255,2021Q3
264,GN,2021,4,1741,2834,3879,2021Q4
257,GN,2022,1,1411,3136,4077,2022Q1
270,GN,2022,2,1830,3442,4587,2022Q2
282,GN,2022,3,2309,3824,5370,2022Q3
311,GN,2022,4,1960,4161,6092,2022Q4
344,GN,2023,1,4238,4643,6942,2023Q1
335,GN,2023,2,3063,5019,7250,2023Q2
350,GN,2023,3,3533,5516,7869,2023Q3
362,GN,2023,4,2846,5970,8580,2023Q4
362,GN,2024,1,1952,6205,8281,2024Q1
385,GN,2024,2,3755,6733,10498,2024Q2
409,GN,2024,3,3156,7236,11008,2024Q3
445,GN,2024,4,3167,7844,11768,2024Q4
471,GN,2025,1,5118,8939,13214,2025Q1
522,GN,2025,2,8689,10136,15556,2025Q2
559,GN,2025,3,9471,11925,17730,2025Q3
588,GN,2025,4,11025,13611,19709,2025Q4
640,GN,2026,1,19816,15644,21969,2026Q1
170,GP,2020,1,2272,2054,3128,2020Q1
176,GP,2020,2,3614,2307,3215,2020Q2
186,GP,2020,4,2986,2703,3522,2020Q4
193,GP,2021,1,2893,2934,3873,2021Q1
198,GP,2021,2,3130,3131,4268,2021Q2
207,GP,2021,3,3246,3328,4789,2021Q3
219,GP,2021,4,3610,3500,5280,2021Q4
220,GP,2022,1,3029,3686,5820,2022Q1
213,GP,2022,2,3216,3848,5818,2022Q2
219,GP,2022,3,3248,3992,5664,2022Q3
219,GP,2022,4,3480,4136,5616,2022Q4
224,GP,2023,1,3203,4326,5932,2023Q1
230,GP,2023,2,4337,4614,6302,2023Q2
230,GP,2023,3,2754,4832,6769,2023Q3
247,GP,2023,4,2269,5067,6789,2023Q4
241,GP,2024,1,2911,5416,7132,2024Q1
261,GP,2024,2,2975,5682,7541,2024Q2
253,GP,2024,3,2820,5941,7614,2024Q3
259,GP,2024,4,3663,6196,7615,2024Q4
307,GP,2025,1,5053,6750,8524,2025Q1
304,GP,2025,2,9171,7298,9319,2025Q2
308,GP,2025,3,10861,7847,9374,2025Q3
313,GP,2025,4,12395,8619,10659,2025Q4
324,GP,2026,1,18041,9550,12331,2026Q1
6290,GR,2020,1,193159,114553,249003,2020Q1
6878,GR,2020,2,240128,124884,269376,2020Q2
7265,GR,2020,3,212253,132636,295985,2020Q3
7769,GR,2020,4,260819,144381,314485,2020Q4
8235,GR,2021,1,280025,154874,335338,2021Q1
8686,GR,2021,2,272533,162866,355282,2021Q2
9123,GR,2021,3,231738,170670,385988,2021Q3
9291,GR,2021,4,257324,178668,394838,2021Q4
9690,GR,2022,1,289783,189845,413632,2022Q1
10272,GR,2022,2,314104,198779,435394,2022Q2
10815,GR,2022,3,263579,207257,467459,2022Q3
10966,GR,2022,4,323300,216055,476923,2022Q4
11198,GR,2023,1,347756,225160,492774,2023Q1
11567,GR,2023,2,340491,235213,512534,2023Q2
12267,GR,2023,3,308463,244973,543216,2023Q3
12600,GR,2023,4,332194,255187,551589,2023Q4
13267,GR,2024,1,358674,267659,569836,2024Q1
13584,GR,2024,2,370880,277889,593353,2024Q2
14423,GR,2024,3,346048,288763,630398,2024Q3
14981,GR,2024,4,387335,299578,642540,2024Q4
16177,GR,2025,1,425907,316219,669838,2025Q1
16455,GR,2025,2,483832,328863,699136,2025Q2
17183,GR,2025,3,472377,347926,729544,2025Q3
17640,GR,2025,4,563585,369884,745665,2025Q4
18584,GR,2026,1,730686,394067,770454,2026Q1
2075,GT,2020,1,50932,34807,88459,2020Q1
2277,GT,2020,2,76233,38947,98017,2020Q2
2476,GT,2020,3,86938,44331,110501,2020Q3
2569,GT,2020,4,83585,47283,119398,2020Q4
2716,GT,2021,1,77336,51587,130889,2021Q1
2862,GT,2021,2,111150,55889,145212,2021Q2
3004,GT,2021,3,96198,60656,159976,2021Q3
3057,GT,2021,4,80888,63803,169045,2021Q4
3193,GT,2022,1,86847,69353,182817,2022Q1
3285,GT,2022,2,105832,74106,196333,2022Q2
3425,GT,2022,3,105348,79653,210925,2022Q3
3487,GT,2022,4,100258,83574,222591,2022Q4
3642,GT,2023,1,98649,89310,237364,2023Q1
3848,GT,2023,2,122195,95788,252983,2023Q2
4040,GT,2023,3,111031,102359,268072,2023Q3
4166,GT,2023,4,110354,107349,280131,2023Q4
4290,GT,2024,1,114807,114891,297794,2024Q1
4454,GT,2024,2,149682,121096,315430,2024Q2
4691,GT,2024,3,150024,127520,337340,2024Q3
4880,GT,2024,4,149556,132681,352323,2024Q4
5214,GT,2025,1,152989,142624,374096,2025Q1
5470,GT,2025,2,193096,149980,397795,2025Q2
5621,GT,2025,3,230589,164505,430219,2025Q3
5889,GT,2025,4,214493,178072,451291,2025Q4
6243,GT,2026,1,251918,195658,479178,2026Q1
128,GU,2024,1,897,4596,3625,2024Q1
545,GU,2025,1,2250,5078,3971,2025Q1
298,GU,2025,2,2572,5261,4430,2025Q2
283,GU,2025,4,4348,5679,5497,2025Q4
290,GU,2026,1,4878,6030,5293,2026Q1
108,GY,2020,3,698,2269,2297,2020Q3
112,GY,2020,4,1022,2491,2678,2020Q4
133,GY,2021,3,1304,3195,3418,2021Q3
136,GY,2021,4,1742,3422,3674,2021Q4
136,GY,2022,1,2045,3735,3996,2022Q1
138,GY,2022,2,2169,4019,4175,2022Q2
136,GY,2022,3,2238,4276,4409,2022Q3
140,GY,2023,1,2261,4793,4560,2023Q1
147,GY,2023,2,2198,5117,4778,2023Q2
153,GY,2023,3,2324,5423,4978,2023Q3
159,GY,2023,4,2111,5682,5531,2023Q4
163,GY,2024,1,2320,6027,5669,2024Q1
157,GY,2024,2,2638,6295,5908,2024Q2
158,GY,2024,3,2698,6564,6317,2024Q3
160,GY,2024,4,3109,6865,6457,2024Q4
175,GY,2025,1,3993,8595,7650,2025Q1
192,GY,2025,2,7817,8090,8092,2025Q2
194,GY,2025,3,7220,8923,8710,2025Q3
198,GY,2025,4,7783,10103,9300,2025Q4
207,GY,2026,1,9765,11193,9645,2026Q1
27115,HK,2020,1,741475,401680,1913481,2020Q1
31612,HK,2020,2,1038412,463352,2363440,2020Q2
34921,HK,2020,3,1171000,520962,2765031,2020Q3
37788,HK,2020,4,1178354,566027,2964118,2020Q4
42430,HK,2021,1,1340108,628664,3353169,2021Q1
50046,HK,2021,2,1750733,731760,4062691,2021Q2
56218,HK,2021,3,1849260,820433,4593211,2021Q3
61049,HK,2021,4,1846260,896584,5021657,2021Q4
72995,HK,2022,1,2316942,1023342,6307980,2022Q1
86540,HK,2022,2,3058385,1188477,7491970,2022Q2
90262,HK,2022,3,2820249,1284351,7754106,2022Q3
93243,HK,2022,4,2679090,1361757,8023750,2022Q4
99470,HK,2023,1,2687088,1470028,8248555,2023Q1
99066,HK,2023,2,2685318,1561463,8004081,2023Q2
107725,HK,2023,3,2737628,1697072,8705805,2023Q3
113788,HK,2023,4,2725042,1827597,9113146,2023Q4
119994,HK,2024,1,2726299,1977504,9427986,2024Q1
122089,HK,2024,2,2907248,2078964,9536319,2024Q2
127920,HK,2024,3,2977208,2212019,9911424,2024Q3
132925,HK,2024,4,3074479,2379648,10268840,2024Q4
138790,HK,2025,1,3017296,2561230,10386768,2025Q1
145782,HK,2025,2,3500119,2780776,11010625,2025Q2
149336,HK,2025,3,3538894,3026820,11321836,2025Q3
148948,HK,2025,4,3724230,3262120,11186179,2025Q4
146253,HK,2026,1,4449662,3485551,10849015,2026Q1
1022,HN,2020,1,26822,16225,42478,2020Q1
1123,HN,2020,2,29933,18125,45648,2020Q2
1246,HN,2020,3,33218,20582,49281,2020Q3
1295,HN,2020,4,31609,22496,52735,2020Q4
1387,HN,2021,1,35675,24618,56924,2021Q1
1460,HN,2021,2,36801,26774,62777,2021Q2
1518,HN,2021,3,39826,29291,68819,2021Q3
1553,HN,2021,4,34144,31202,73399,2021Q4
1632,HN,2022,1,42578,33918,79208,2022Q1
1676,HN,2022,2,36810,36111,83977,2022Q2
1762,HN,2022,3,42867,38936,88750,2022Q3
1800,HN,2022,4,42674,41176,94419,2022Q4
1895,HN,2023,1,41020,44012,99982,2023Q1
1959,HN,2023,2,41427,47382,105546,2023Q2
2022,HN,2023,3,49018,50640,110705,2023Q3
2068,HN,2023,4,40357,53188,116534,2023Q4
2126,HN,2024,1,40219,56748,123088,2024Q1
2230,HN,2024,2,51374,59907,129554,2024Q2
2357,HN,2024,3,57429,63561,137960,2024Q3
2467,HN,2024,4,60436,66778,144176,2024Q4
2636,HN,2025,1,69100,72187,152964,2025Q1
2764,HN,2025,2,82468,75521,160985,2025Q2
2727,HN,2025,3,97693,84471,170384,2025Q3
2802,HN,2025,4,97288,93071,178903,2025Q4
4167,HN,2026,1,118349,103171,189433,2026Q1
2786,HR,2020,1,105055,58042,125990,2020Q1
3032,HR,2020,2,116660,62191,135062,2020Q2
3277,HR,2020,3,108299,66018,145711,2020Q3
3516,HR,2020,4,136194,70856,152632,2020Q4
3714,HR,2021,1,134533,75376,161069,2021Q1
3941,HR,2021,2,137959,79280,171074,2021Q2
4150,HR,2021,3,132388,83036,184791,2021Q3
4341,HR,2021,4,142238,87610,192670,2021Q4
4474,HR,2022,1,158466,93633,202276,2022Q1
4747,HR,2022,2,166060,99040,218593,2022Q2
4928,HR,2022,3,147442,103503,230365,2022Q3
5116,HR,2022,4,167862,108379,240935,2022Q4
5282,HR,2023,1,195515,113587,252526,2023Q1
5548,HR,2023,2,193192,119237,265512,2023Q2
5888,HR,2023,3,161087,124212,277965,2023Q3
6122,HR,2023,4,185826,129473,286219,2023Q4
6380,HR,2024,1,205958,134842,293797,2024Q1
6642,HR,2024,2,200068,139411,306052,2024Q2
6997,HR,2024,3,160139,144157,319004,2024Q3
7185,HR,2024,4,192361,148878,325863,2024Q4
7540,HR,2025,1,208142,156590,335244,2025Q1
7828,HR,2025,2,219394,161726,347092,2025Q2
8209,HR,2025,3,213425,169981,360477,2025Q3
8661,HR,2025,4,261475,179941,373365,2025Q4
9225,HR,2026,1,365138,191502,388810,2026Q1
648,HT,2020,1,3448,4347,16789,2020Q1
671,HT,2020,2,4213,4767,17493,2020Q2
698,HT,2020,3,3922,5160,18093,2020Q3
714,HT,2020,4,3756,5609,18412,2020Q4
753,HT,2021,1,5612,6056,19059,2021Q1
755,HT,2021,2,5943,6621,19331,2021Q2
754,HT,2021,3,5367,7087,19490,2021Q3
757,HT,2021,4,5161,7813,19987,2021Q4
780,HT,2022,1,4464,8322,20644,2022Q1
787,HT,2022,2,5305,8861,21448,2022Q2
830,HT,2022,3,8860,9374,23267,2022Q3
827,HT,2022,4,8310,9903,23581,2022Q4
846,HT,2023,1,7632,10464,23949,2023Q1
848,HT,2023,2,6156,11070,23604,2023Q2
853,HT,2023,3,7258,11666,23351,2023Q3
849,HT,2023,4,7411,12350,24593,2023Q4
843,HT,2024,1,7824,13034,25056,2024Q1
857,HT,2024,2,6113,13750,26010,2024Q2
872,HT,2024,3,8319,14803,28385,2024Q3
901,HT,2024,4,10348,16949,29490,2024Q4
916,HT,2025,1,9212,18800,31543,2025Q1
920,HT,2025,2,21979,20423,35641,2025Q2
960,HT,2025,3,25184,23300,40365,2025Q3
967,HT,2025,4,28824,26621,43845,2025Q4
1017,HT,2026,1,39543,29835,48314,2026Q1
7639,HU,2020,1,256166,134568,301232,2020Q1
8361,HU,2020,2,332131,151979,336201,2020Q2
8833,HU,2020,3,271434,165000,360912,2020Q3
9286,HU,2020,4,356688,175475,384741,2020Q4
9881,HU,2021,1,358117,186751,410758,2021Q1
10302,HU,2021,2,330731,194862,428303,2021Q2
10716,HU,2021,3,267262,205811,455206,2021Q3
11184,HU,2021,4,373029,215996,483172,2021Q4
11723,HU,2022,1,378034,229715,518808,2022Q1
12235,HU,2022,2,368763,242331,548821,2022Q2
12737,HU,2022,3,320119,252304,567515,2022Q3
13139,HU,2022,4,422229,262982,600277,2022Q4
13717,HU,2023,1,429960,276022,637269,2023Q1
14328,HU,2023,2,436919,287709,667305,2023Q2
14835,HU,2023,3,344830,298937,688568,2023Q3
15489,HU,2023,4,456833,310935,716120,2023Q4
16158,HU,2024,1,456933,324720,745235,2024Q1
16773,HU,2024,2,442333,334749,770736,2024Q2
17509,HU,2024,3,354492,345326,788677,2024Q3
18300,HU,2024,4,485568,358575,824245,2024Q4
19513,HU,2025,1,536789,376897,857376,2025Q1
20086,HU,2025,2,539317,392190,890296,2025Q2
20554,HU,2025,3,479402,411715,914351,2025Q3
21302,HU,2025,4,669387,435919,952793,2025Q4
22434,HU,2026,1,839431,464901,992977,2026Q1
100347,ID,2020,1,864589,880038,1645127,2020Q1
103721,ID,2020,2,1112939,978184,1820011,2020Q2
106866,ID,2020,3,1035274,1091831,1984551,2020Q3
110073,ID,2020,4,1347948,1234657,2235187,2020Q4
114562,ID,2021,1,1364049,1365576,2430536,2021Q1
118102,ID,2021,2,1493303,1483474,2676484,2021Q2
123735,ID,2021,3,1574819,1641667,2939064,2021Q3
128317,ID,2021,4,1988638,1795600,3266159,2021Q4
128541,ID,2022,1,1947970,1943182,3582767,2022Q1
131642,ID,2022,2,2020454,2071045,3886979,2022Q2
134597,ID,2022,3,2077062,2224991,4206445,2022Q3
137181,ID,2022,4,2471844,2379999,4595557,2022Q4
143819,ID,2023,1,2194477,2518881,4918338,2023Q1
147153,ID,2023,2,2484365,2712048,5271206,2023Q2
150888,ID,2023,3,2423792,2938205,5568896,2023Q3
155788,ID,2023,4,3171945,3119277,5987322,2023Q4
169537,ID,2024,1,2754106,3321239,6387988,2024Q1
180967,ID,2024,2,3081369,3448732,6772825,2024Q2
189304,ID,2024,3,2890608,3602191,7149014,2024Q3
209007,ID,2024,4,3856274,3791126,7638790,2024Q4
224743,ID,2025,1,3432534,3980276,8058021,2025Q1
218490,ID,2025,2,5117051,4184779,8620719,2025Q2
227266,ID,2025,3,4906265,4504346,9183217,2025Q3
221939,ID,2025,4,6511596,4896524,9890284,2025Q4
228793,ID,2026,1,6880934,5270032,10517820,2026Q1
7350,IE,2020,1,358133,145859,473269,2020Q1
8111,IE,2020,2,415181,156763,508387,2020Q2
8515,IE,2020,3,321162,165544,526508,2020Q3
9080,IE,2020,4,397048,175999,556511,2020Q4
9780,IE,2021,1,440786,187690,589531,2021Q1
10097,IE,2021,2,441833,196617,611828,2021Q2
10351,IE,2021,3,375524,204898,639575,2021Q3
10775,IE,2021,4,437648,215097,673027,2021Q4
11188,IE,2022,1,423588,228094,703656,2022Q1
11679,IE,2022,2,409196,239057,736925,2022Q2
12190,IE,2022,3,391877,249892,776994,2022Q3
12541,IE,2022,4,490822,261778,813372,2022Q4
13233,IE,2023,1,483457,275288,847377,2023Q1
13800,IE,2023,2,471864,288412,881640,2023Q2
14159,IE,2023,3,441010,299801,911874,2023Q3
14851,IE,2023,4,548339,314276,954685,2023Q4
15519,IE,2024,1,550550,330765,985924,2024Q1
16114,IE,2024,2,536531,343418,1123126,2024Q2
16561,IE,2024,3,479672,356095,1046377,2024Q3
17578,IE,2024,4,606383,371670,1089542,2024Q4
18643,IE,2025,1,604758,391998,1124938,2025Q1
19506,IE,2025,2,669094,410351,1176164,2025Q2
20395,IE,2025,3,640731,431886,1211380,2025Q3
21390,IE,2025,4,778755,455142,1261079,2025Q4
23748,IE,2026,1,985027,487502,1314075,2026Q1
12897,IL,2020,1,582028,252164,613903,2020Q1
14276,IL,2020,2,737223,272006,660685,2020Q2
15216,IL,2020,3,663086,289058,699981,2020Q3
16238,IL,2020,4,734341,311392,749171,2020Q4
17129,IL,2021,1,754075,330976,799616,2021Q1
18460,IL,2021,2,780462,349215,854742,2021Q2
19347,IL,2021,3,722211,368148,909326,2021Q3
20531,IL,2021,4,826862,392151,969678,2021Q4
21765,IL,2022,1,867588,418028,1034176,2022Q1
23023,IL,2022,2,917662,442036,1108507,2022Q2
24281,IL,2022,3,855809,463178,1193309,2022Q3
25340,IL,2022,4,908109,486392,1262782,2022Q4
27070,IL,2023,1,1023030,511035,1323526,2023Q1
28574,IL,2023,2,1068939,537831,1376542,2023Q2
30032,IL,2023,3,991644,561204,1428669,2023Q3
31078,IL,2023,4,834421,579645,1444575,2023Q4
32746,IL,2024,1,1044614,609261,1512653,2024Q1
34253,IL,2024,2,1027902,631756,1554939,2024Q2
35805,IL,2024,3,1137697,654843,1603387,2024Q3
37486,IL,2024,4,1106156,685593,1659669,2024Q4
39774,IL,2025,1,1302964,720587,1717592,2025Q1
41849,IL,2025,2,1475563,758265,1789455,2025Q2
44546,IL,2025,3,1511987,809104,1850834,2025Q3
46934,IL,2025,4,1546716,861265,1942652,2025Q4
50526,IL,2026,1,2443035,935953,2048965,2026Q1
118,IM,2020,3,2499,2055,3895,2020Q3
130,IM,2020,4,2305,2169,4295,2020Q4
132,IM,2021,1,4165,2382,4583,2021Q1
137,IM,2021,2,3914,2495,4745,2021Q2
173,IM,2021,3,2825,2640,5191,2021Q3
155,IM,2021,4,2148,2750,5237,2021Q4
158,IM,2022,1,2631,2922,5657,2022Q1
155,IM,2022,2,4083,2984,5767,2022Q2
167,IM,2022,3,2462,3080,6022,2022Q3
179,IM,2022,4,3143,3195,6104,2022Q4
186,IM,2023,1,3680,3361,6523,2023Q1
193,IM,2023,2,3738,3568,7230,2023Q2
211,IM,2023,3,3109,3746,7490,2023Q3
246,IM,2023,4,4229,3943,7769,2023Q4
266,IM,2024,1,5269,4161,7296,2024Q1
238,IM,2024,2,4243,4026,7413,2024Q2
257,IM,2024,3,4637,4138,8053,2024Q3
261,IM,2024,4,4281,4397,8259,2024Q4
533,IM,2025,1,5090,4607,9181,2025Q1
311,IM,2025,2,4238,4690,8579,2025Q2
371,IM,2025,3,5865,4921,9289,2025Q3
367,IM,2025,4,8078,5180,9832,2025Q4
405,IM,2026,1,11900,5564,9895,2026Q1
247204,IN,2020,1,4422587,4194257,9254535,2020Q1
268762,IN,2020,2,7346825,4684375,10503365,2020Q2
287840,IN,2020,3,7832236,5206926,11823607,2020Q3
301887,IN,2020,4,7291401,5653924,13198250,2020Q4
316985,IN,2021,1,7080138,6083067,14556283,2021Q1
339038,IN,2021,2,9840045,6652622,16439253,2021Q2
353548,IN,2021,3,9768364,7243683,18337031,2021Q3
365298,IN,2021,4,8891597,7790683,19972109,2021Q4
380531,IN,2022,1,10426681,8463763,21866989,2022Q1
393448,IN,2022,2,10434962,9071304,23643654,2022Q2
408817,IN,2022,3,12181573,9796437,25579990,2022Q3
420706,IN,2022,4,13084268,10567593,27457938,2022Q4
440660,IN,2023,1,12807610,11443487,29533871,2023Q1
457862,IN,2023,2,13916703,12258702,31757540,2023Q2
478002,IN,2023,3,16316471,13326416,34502993,2023Q3
495679,IN,2023,4,15213634,14211676,36918432,2023Q4
520135,IN,2024,1,17496495,15209709,39698030,2024Q1
539180,IN,2024,2,17789226,16049909,42394345,2024Q2
565508,IN,2024,3,21005866,17114921,45674047,2024Q3
591475,IN,2024,4,19462641,18062761,48414972,2024Q4
625773,IN,2025,1,24151972,19257589,51708211,2025Q1
654567,IN,2025,2,27978269,20532032,55379450,2025Q2
690738,IN,2025,3,33859292,22682855,59963124,2025Q3
721576,IN,2025,4,31922623,24576236,64065567,2025Q4
764137,IN,2026,1,44658960,26727004,69251720,2026Q1
6398,IQ,2020,1,20651,51669,50733,2020Q1
6633,IQ,2020,2,54166,60447,58213,2020Q2
6842,IQ,2020,3,31333,69901,62533,2020Q3
7056,IQ,2020,4,27687,78815,67962,2020Q4
7238,IQ,2021,1,36337,89485,76728,2021Q1
7407,IQ,2021,2,63988,99350,89173,2021Q2
7598,IQ,2021,3,62514,109878,105848,2021Q3
7746,IQ,2021,4,60734,120522,119917,2021Q4
7888,IQ,2022,1,56346,136487,135755,2022Q1
8043,IQ,2022,2,66735,148725,150753,2022Q2
8238,IQ,2022,3,103249,158885,166278,2022Q3
8377,IQ,2022,4,62380,170772,180747,2022Q4
8829,IQ,2023,1,69415,181131,191211,2023Q1
8939,IQ,2023,2,68903,193560,200889,2023Q2
9043,IQ,2023,3,67246,202936,209829,2023Q3
9169,IQ,2023,4,56133,211049,216235,2023Q4
9312,IQ,2024,1,67636,223854,230519,2024Q1
9510,IQ,2024,2,63759,234388,240626,2024Q2
9722,IQ,2024,3,75197,245565,249650,2024Q3
10004,IQ,2024,4,77307,258981,260889,2024Q4
10263,IQ,2025,1,95657,277446,273343,2025Q1
10507,IQ,2025,2,155626,297405,291608,2025Q2
10751,IQ,2025,3,184073,347113,316628,2025Q3
10949,IQ,2025,4,218698,401159,339948,2025Q4
11319,IQ,2026,1,408699,454373,376919,2026Q1
20483,IR,2020,1,148536,210145,260412,2020Q1
21120,IR,2020,2,176080,230216,284253,2020Q2
21680,IR,2020,3,190556,249142,311970,2020Q3
22400,IR,2020,4,219516,271203,336223,2020Q4
23370,IR,2021,1,227874,291772,364203,2021Q1
23879,IR,2021,2,251212,311413,396595,2021Q2
24594,IR,2021,3,314655,332689,435270,2021Q3
25682,IR,2021,4,325208,358613,487700,2021Q4
26030,IR,2022,1,335784,380170,525868,2022Q1
26739,IR,2022,2,355711,402480,567844,2022Q2
27652,IR,2022,3,424187,430640,610711,2022Q3
27556,IR,2022,4,310890,452334,626977,2022Q4
29443,IR,2023,1,432451,488928,703441,2023Q1
30269,IR,2023,2,502595,524447,762720,2023Q2
31074,IR,2023,3,550631,565825,804739,2023Q3
31584,IR,2023,4,500107,598531,836765,2023Q4
32901,IR,2024,1,538364,636347,901740,2024Q1
33334,IR,2024,2,506752,663945,934425,2024Q2
34165,IR,2024,3,568093,686606,972609,2024Q3
35511,IR,2024,4,527387,715452,1011354,2024Q4
36724,IR,2025,1,565809,750295,1052263,2025Q1
37777,IR,2025,2,628498,781401,1101579,2025Q2
38529,IR,2025,3,806458,834119,1158943,2025Q3
39093,IR,2025,4,798320,889642,1195651,2025Q4
37113,IR,2026,1,331042,898557,1142310,2026Q1
1435,IS,2020,1,30408,15189,44489,2020Q1
1525,IS,2020,2,37950,15950,46939,2020Q2
1638,IS,2020,3,30770,17138,50066,2020Q3
1696,IS,2020,4,39075,17910,51332,2020Q4
1784,IS,2021,1,37344,18849,53708,2021Q1
1848,IS,2021,2,39753,19480,55109,2021Q2
1875,IS,2021,3,27880,20448,58435,2021Q3
1922,IS,2021,4,42491,21139,59566,2021Q4
1995,IS,2022,1,37124,22258,62627,2022Q1
2049,IS,2022,2,37372,22908,64343,2022Q2
2121,IS,2022,3,29810,24065,66574,2022Q3
2173,IS,2022,4,41749,24793,68277,2022Q4
2267,IS,2023,1,42643,25991,70796,2023Q1
2343,IS,2023,2,47215,27107,72078,2023Q2
2473,IS,2023,3,37419,28383,74497,2023Q3
2529,IS,2023,4,55359,29326,76080,2023Q4
2665,IS,2024,1,48812,30894,78501,2024Q1
2730,IS,2024,2,51224,31929,80830,2024Q2
2810,IS,2024,3,38098,32737,82850,2024Q3
2983,IS,2024,4,58283,33924,85033,2024Q4
3422,IS,2025,1,53811,35655,87830,2025Q1
3249,IS,2025,2,54044,36652,89129,2025Q2
3209,IS,2025,3,47921,38210,92197,2025Q3
3309,IS,2025,4,69334,39956,94924,2025Q4
3480,IS,2026,1,95669,42927,98021,2026Q1
27440,IT,2020,1,902300,468484,874565,2020Q1
30132,IT,2020,2,1118936,521524,940308,2020Q2
31797,IT,2020,3,884805,553803,1009908,2020Q3
33788,IT,2020,4,1149175,600518,1076753,2020Q4
36051,IT,2021,1,1313376,647818,1157560,2021Q1
37765,IT,2021,2,1277577,689401,1237842,2021Q2
39227,IT,2021,3,1043822,721920,1318899,2021Q3
40828,IT,2021,4,1319396,765847,1395205,2021Q4
42379,IT,2022,1,1534130,822968,1502781,2022Q1
44021,IT,2022,2,1572949,868759,1632573,2022Q2
45818,IT,2022,3,1369276,906492,1729843,2022Q3
47291,IT,2022,4,1643515,952924,1825352,2022Q4
49702,IT,2023,1,1860071,1009526,1934736,2023Q1
51779,IT,2023,2,1839109,1065048,2018353,2023Q2
53814,IT,2023,3,1571271,1112253,2114997,2023Q3
56219,IT,2023,4,1856951,1176773,2220979,2023Q4
59061,IT,2024,1,2054347,1260832,2339677,2024Q1
61152,IT,2024,2,2057890,1304444,2447228,2024Q2
63614,IT,2024,3,1719834,1371508,2557729,2024Q3
66705,IT,2024,4,2049724,1430971,2646309,2024Q4
70272,IT,2025,1,2256229,1508146,2761661,2025Q1
73150,IT,2025,2,2519134,1595946,2886478,2025Q2
76791,IT,2025,3,2473244,1697430,3005095,2025Q3
79713,IT,2025,4,2942236,1829959,3128038,2025Q4
85079,IT,2026,1,4015057,1989642,3301289,2026Q1
121,JE,2020,2,3239,1794,3069,2020Q2
125,JE,2020,3,3624,1897,3276,2020Q3
133,JE,2021,1,4627,2153,3641,2021Q1
145,JE,2021,2,4070,2245,4705,2021Q2
165,JE,2021,3,3816,2363,4982,2021Q3
169,JE,2021,4,3616,2420,5057,2021Q4
173,JE,2022,1,2739,2503,5125,2022Q1
197,JE,2023,1,4133,2869,4621,2023Q1
193,JE,2023,2,1417,2966,5207,2023Q2
210,JE,2023,3,2678,3118,5684,2023Q3
230,JE,2023,4,2384,3278,5820,2023Q4
249,JE,2024,2,3048,3550,6232,2024Q2
247,JE,2024,3,4953,3634,6491,2024Q3
263,JE,2024,4,3917,3842,6608,2024Q4
393,JE,2025,1,3371,3984,6639,2025Q1
266,JE,2025,2,6449,4420,7842,2025Q2
284,JE,2025,3,8034,4478,8509,2025Q3
299,JE,2025,4,7095,4776,7702,2025Q4
358,JE,2026,1,10601,5168,8763,2026Q1
723,JM,2020,1,11484,11149,27296,2020Q1
800,JM,2020,2,14026,12534,29970,2020Q2
873,JM,2020,3,16736,13920,32126,2020Q3
889,JM,2020,4,20138,15398,34558,2020Q4
946,JM,2021,1,16041,16810,37308,2021Q1
1016,JM,2021,2,18150,18168,39350,2021Q2
1050,JM,2021,3,16942,19555,41957,2021Q3
1080,JM,2021,4,23507,21219,43207,2021Q4
1133,JM,2022,1,19454,23131,46481,2022Q1
1161,JM,2022,2,22437,24700,49334,2022Q2
1203,JM,2022,3,20844,26200,50621,2022Q3
1216,JM,2022,4,26324,27652,52990,2022Q4
1284,JM,2023,1,21900,29349,56813,2023Q1
1333,JM,2023,2,21712,31028,57778,2023Q2
1363,JM,2023,3,18372,32489,59038,2023Q3
1409,JM,2023,4,25018,34067,61244,2023Q4
1450,JM,2024,1,21368,35988,64157,2024Q1
1507,JM,2024,2,22189,37516,65738,2024Q2
1499,JM,2024,3,20535,39040,66609,2024Q3
1533,JM,2024,4,29343,40658,68653,2024Q4
1653,JM,2025,1,25168,44013,70583,2025Q1
1706,JM,2025,2,35744,46028,72577,2025Q2
1704,JM,2025,3,38697,49885,75193,2025Q3
1754,JM,2025,4,53021,53762,81470,2025Q4
1858,JM,2026,1,80919,58587,86732,2026Q1
3076,JO,2020,1,48152,37209,59195,2020Q1
3285,JO,2020,2,57048,41852,65129,2020Q2
3577,JO,2020,3,63130,45968,72181,2020Q3
3856,JO,2020,4,64097,50685,81255,2020Q4
4071,JO,2021,1,113419,55693,93498,2021Q1
4557,JO,2021,2,176693,60702,108771,2021Q2
4667,JO,2021,3,163026,65406,126530,2021Q3
4938,JO,2021,4,99387,70583,136527,2021Q4
5189,JO,2022,1,101803,76508,147644,2022Q1
5457,JO,2022,2,103861,81846,157409,2022Q2
5731,JO,2022,3,102135,87506,171032,2022Q3
5909,JO,2022,4,82494,93109,180982,2022Q4
6185,JO,2023,1,90494,99483,190482,2023Q1
6534,JO,2023,2,111949,107162,202198,2023Q2
6954,JO,2023,3,112071,115294,217776,2023Q3
7235,JO,2023,4,90715,122306,229843,2023Q4
7543,JO,2024,1,87459,130434,240911,2024Q1
7820,JO,2024,2,97547,137119,254881,2024Q2
8244,JO,2024,3,109545,143730,267159,2024Q3
8523,JO,2024,4,109302,151408,277735,2024Q4
8944,JO,2025,1,128180,163016,294443,2025Q1
9303,JO,2025,2,170308,174739,311957,2025Q2
9550,JO,2025,3,170511,194245,334139,2025Q3
9953,JO,2025,4,203075,219362,352032,2025Q4
10519,JO,2026,1,282993,242986,378037,2026Q1
69377,JP,2020,1,2494749,1128302,2814553,2020Q1
75533,JP,2020,2,2956652,1241923,3050731,2020Q2
80690,JP,2020,3,2936818,1338905,3325888,2020Q3
85319,JP,2020,4,2914353,1429144,3527022,2020Q4
90432,JP,2021,1,3051805,1520892,3777695,2021Q1
96617,JP,2021,2,3134871,1640191,4142851,2021Q2
100735,JP,2021,3,3077743,1738658,4379974,2021Q3
105392,JP,2021,4,2975459,1841051,4661835,2021Q4
111368,JP,2022,1,3137898,1954146,5031681,2022Q1
117419,JP,2022,2,3321876,2098356,5479346,2022Q2
122819,JP,2022,3,3313772,2211070,5716725,2022Q3
127010,JP,2022,4,3331537,2324953,6000052,2022Q4
134718,JP,2023,1,3531471,2471377,6466868,2023Q1
144160,JP,2023,2,3778386,2697353,7056095,2023Q2
153920,JP,2023,3,3879923,2886350,7623240,2023Q3
160214,JP,2023,4,3918914,3053019,7859442,2023Q4
166015,JP,2024,1,3800668,3221378,8088953,2024Q1
174082,JP,2024,2,4022562,3381033,8308658,2024Q2
182803,JP,2024,3,4033225,3547125,8715809,2024Q3
194375,JP,2024,4,4396261,3759833,9280443,2024Q4
204164,JP,2025,1,4542594,3979812,9565804,2025Q1
214713,JP,2025,2,5647276,4281405,9874501,2025Q2
234337,JP,2025,3,6197149,4593480,10252814,2025Q3
244919,JP,2025,4,7198600,4973908,10967681,2025Q4
267687,JP,2026,1,10424896,5433912,11846724,2026Q1
7062,KE,2020,1,182388,90770,330409,2020Q1
7738,KE,2020,2,220074,100837,366654,2020Q2
8320,KE,2020,3,245553,110279,404875,2020Q3
8815,KE,2020,4,200384,118828,436666,2020Q4
9355,KE,2021,1,238068,127932,474270,2021Q1
10061,KE,2021,2,296314,138374,519188,2021Q2
10494,KE,2021,3,348862,149157,563936,2021Q3
10899,KE,2021,4,301488,160129,611180,2021Q4
11428,KE,2022,1,680520,177396,684867,2022Q1
12011,KE,2022,2,1055713,193410,792141,2022Q2
12607,KE,2022,3,1283466,211103,952381,2022Q3
13253,KE,2022,4,1106474,226754,1085037,2022Q4
14341,KE,2023,1,1853755,254108,1250501,2023Q1
15167,KE,2023,2,1424822,276380,1398900,2023Q2
16018,KE,2023,3,1560691,297581,1540662,2023Q3
16909,KE,2023,4,1069281,317073,1654275,2023Q4
17867,KE,2024,1,1096913,345178,1818270,2024Q1
18939,KE,2024,2,976304,370363,2005957,2024Q2
20037,KE,2024,3,959461,395210,2176276,2024Q3
21219,KE,2024,4,798126,424346,2300065,2024Q4
23079,KE,2025,1,962856,463595,2489926,2025Q1
24772,KE,2025,2,1226137,504143,2728928,2025Q2
26454,KE,2025,3,1332409,562773,2941802,2025Q3
27814,KE,2025,4,1256334,616490,3084004,2025Q4
29462,KE,2026,1,1566149,678197,3235413,2026Q1
919,KG,2020,1,40367,14440,44258,2020Q1
995,KG,2020,2,44000,16352,49220,2020Q2
1013,KG,2020,3,35177,18460,54317,2020Q3
1100,KG,2020,4,54767,21070,62665,2020Q4
1142,KG,2021,1,56869,23528,71907,2021Q1
1192,KG,2021,2,66448,25943,82888,2021Q2
1254,KG,2021,3,54974,28386,93072,2021Q3
1301,KG,2021,4,77214,31582,106604,2021Q4
1303,KG,2022,1,87379,35320,125403,2022Q1
1378,KG,2022,2,95646,39263,145692,2022Q2
1438,KG,2022,3,87883,42634,160838,2022Q3
1654,KG,2022,4,135574,49379,200054,2022Q4
1831,KG,2023,1,147497,53864,224207,2023Q1
1940,KG,2023,2,151041,58073,241975,2023Q2
2016,KG,2023,3,110072,61929,257520,2023Q3
2166,KG,2023,4,132087,66306,274967,2023Q4
2211,KG,2024,1,115259,70967,289186,2024Q1
2348,KG,2024,2,118127,74123,303673,2024Q2
2437,KG,2024,3,93083,77040,316833,2024Q3
2569,KG,2024,4,115326,81227,333356,2024Q4
2747,KG,2025,1,122978,86732,346650,2025Q1
2871,KG,2025,2,122534,90112,362127,2025Q2
2954,KG,2025,3,106118,97891,373519,2025Q3
3032,KG,2025,4,139345,109802,392048,2025Q4
3263,KG,2026,1,164656,121507,415407,2026Q1
5121,KH,2020,1,27609,31034,72854,2020Q1
5403,KH,2020,2,29797,33998,76102,2020Q2
5568,KH,2020,3,33018,36858,81023,2020Q3
5773,KH,2020,4,30943,39744,85988,2020Q4
5957,KH,2021,1,33327,42518,91196,2021Q1
6185,KH,2021,2,38974,46147,98332,2021Q2
6306,KH,2021,3,38747,50004,104760,2021Q3
6405,KH,2021,4,38957,53363,111565,2021Q4
6549,KH,2022,1,43165,57246,119127,2022Q1
6777,KH,2022,2,48403,61695,125695,2022Q2
6980,KH,2022,3,67948,66636,141026,2022Q3
7044,KH,2022,4,60557,71746,143998,2022Q4
7431,KH,2023,1,72971,77894,154536,2023Q1
7722,KH,2023,2,69716,84574,163762,2023Q2
7917,KH,2023,3,88031,92864,176535,2023Q3
8237,KH,2023,4,86811,102562,189509,2023Q4
8754,KH,2024,1,128856,112984,211641,2024Q1
9052,KH,2024,2,133783,118284,232463,2024Q2
9479,KH,2024,3,129197,125185,255852,2024Q3
9964,KH,2024,4,146272,133256,273370,2024Q4
10501,KH,2025,1,203696,147712,303084,2025Q1
10953,KH,2025,2,236433,157217,330851,2025Q2
11300,KH,2025,3,241255,180655,364866,2025Q3
11634,KH,2025,4,296184,208188,396345,2025Q4
12206,KH,2026,1,424567,235476,435439,2026Q1
63860,KR,2020,1,2080113,761690,1925215,2020Q1
68408,KR,2020,2,2568632,833824,2124008,2020Q2
73412,KR,2020,3,2845292,910910,2366112,2020Q3
77610,KR,2020,4,2976522,985950,2574834,2020Q4
82777,KR,2021,1,3492171,1075499,2826907,2021Q1
88827,KR,2021,2,3978131,1158902,3114623,2021Q2
94556,KR,2021,3,4210908,1240831,3363646,2021Q3
99626,KR,2021,4,4285652,1310102,3598136,2021Q4
105458,KR,2022,1,4771878,1394160,3886671,2022Q1
111923,KR,2022,2,5149128,1475424,4180776,2022Q2
118917,KR,2022,3,5389573,1555925,4488256,2022Q3
124926,KR,2022,4,5645204,1629354,4747032,2022Q4
134447,KR,2023,1,5669606,1725705,5030590,2023Q1
143356,KR,2023,2,6102494,1824580,5345888,2023Q2
152333,KR,2023,3,6044640,1907931,5588614,2023Q3
160845,KR,2023,4,6145189,1983247,5854092,2023Q4
169965,KR,2024,1,6279972,2088024,6065560,2024Q1
179669,KR,2024,2,6578322,2172022,6326282,2024Q2
190002,KR,2024,3,6664992,2253387,6582513,2024Q3
200491,KR,2024,4,6608779,2330502,6806259,2024Q4
212337,KR,2025,1,6073307,2434485,7014315,2025Q1
223284,KR,2025,2,7191636,2562056,7279020,2025Q2
234293,KR,2025,3,7328510,2728331,7560387,2025Q3
244410,KR,2025,4,7204133,2900539,7857865,2025Q4
257666,KR,2026,1,9438093,3145730,8226645,2026Q1
1839,KW,2020,1,9562,21059,29547,2020Q1
1926,KW,2020,2,19903,24819,34912,2020Q2
2025,KW,2020,3,18746,28134,39911,2020Q3
2068,KW,2020,4,15668,30888,42995,2020Q4
2117,KW,2021,1,16270,33379,46730,2021Q1
2203,KW,2021,2,18574,35979,49406,2021Q2
2242,KW,2021,3,15664,38064,51279,2021Q3
2284,KW,2021,4,17721,40249,54286,2021Q4
2350,KW,2022,1,24586,43114,60921,2022Q1
2377,KW,2022,2,18142,45328,63071,2022Q2
2450,KW,2022,3,21998,48078,71430,2022Q3
2466,KW,2022,4,18556,50387,74374,2022Q4
2590,KW,2023,1,18785,53431,77967,2023Q1
2623,KW,2023,2,17320,56922,82568,2023Q2
2664,KW,2023,3,25567,60449,91590,2023Q3
2733,KW,2023,4,19249,63137,91817,2023Q4
2830,KW,2024,1,21833,66489,96936,2024Q1
2896,KW,2024,2,22643,69284,100506,2024Q2
2914,KW,2024,3,23427,72179,104684,2024Q3
3025,KW,2024,4,30329,75259,109571,2024Q4
3140,KW,2025,1,29630,80767,116345,2025Q1
3217,KW,2025,2,48310,84862,122418,2025Q2
3317,KW,2025,3,56180,92742,128925,2025Q3
3471,KW,2025,4,71605,102249,130828,2025Q4
3602,KW,2026,1,105655,112085,143396,2026Q1
182,KY,2024,1,1640,2824,5783,2024Q1
270,KY,2024,4,2559,3173,6045,2024Q4
271,KY,2025,2,3218,3619,6626,2025Q2
257,KY,2025,3,2653,3776,6937,2025Q3
266,KY,2025,4,5836,4020,7420,2025Q4
290,KY,2026,1,12927,4464,7614,2026Q1
4181,KZ,2020,1,82177,69649,132186,2020Q1
4493,KZ,2020,2,118134,77896,146377,2020Q2
4666,KZ,2020,3,104045,86405,158665,2020Q3
4894,KZ,2020,4,128691,96315,175436,2020Q4
5092,KZ,2021,1,151440,105194,198176,2021Q1
5331,KZ,2021,2,147595,111914,213693,2021Q2
5458,KZ,2021,3,119638,118926,229062,2021Q3
5600,KZ,2021,4,142696,127541,246515,2021Q4
5714,KZ,2022,1,141964,138754,266255,2022Q1
6018,KZ,2022,2,192475,151391,299076,2022Q2
6272,KZ,2022,3,171653,161282,322221,2022Q3
7683,KZ,2022,4,305750,183020,419463,2022Q4
7836,KZ,2023,1,329189,196682,444684,2023Q1
8207,KZ,2023,2,325435,213149,484883,2023Q2
8599,KZ,2023,3,262587,225654,513205,2023Q3
8687,KZ,2023,4,283066,239638,528855,2023Q4
9008,KZ,2024,1,309807,258121,561498,2024Q1
9390,KZ,2024,2,304576,269710,590755,2024Q2
9729,KZ,2024,3,247131,279835,615445,2024Q3
11224,KZ,2024,4,333940,296446,651495,2024Q4
11679,KZ,2025,1,398972,318468,695272,2025Q1
11858,KZ,2025,2,446086,338631,754735,2025Q2
12374,KZ,2025,3,408091,368641,801802,2025Q3
13199,KZ,2025,4,560275,413225,855979,2025Q4
14578,KZ,2026,1,747326,463403,944642,2026Q1
722,LA,2020,1,2962,5787,8020,2020Q1
750,LA,2020,2,5329,6432,8699,2020Q2
795,LA,2020,3,4896,7180,9747,2020Q3
821,LA,2020,4,5249,7909,10552,2020Q4
840,LA,2021,1,5234,8529,11310,2021Q1
873,LA,2021,2,6549,9289,12456,2021Q2
896,LA,2021,3,6496,10108,13935,2021Q3
964,LA,2021,4,5678,11085,15262,2021Q4
995,LA,2022,1,6317,12090,17005,2022Q1
1048,LA,2022,2,8175,12968,18408,2022Q2
1077,LA,2022,3,6874,13830,19769,2022Q3
1107,LA,2022,4,6890,14671,22206,2022Q4
1206,LA,2023,1,7178,15529,24185,2023Q1
1242,LA,2023,2,7197,16739,25015,2023Q2
1233,LA,2023,3,8732,18248,26019,2023Q3
1294,LA,2023,4,7659,19945,27611,2023Q4
1347,LA,2024,1,8790,23509,29700,2024Q1
1372,LA,2024,2,9804,22041,30766,2024Q2
1413,LA,2024,3,12790,23246,32503,2024Q3
1503,LA,2024,4,11736,24628,34711,2024Q4
1640,LA,2025,1,14309,26680,36869,2025Q1
1654,LA,2025,2,20915,28080,38940,2025Q2
1642,LA,2025,3,23497,31851,40335,2025Q3
1690,LA,2025,4,29708,36490,44245,2025Q4
1784,LA,2026,1,38140,40818,48578,2026Q1
2155,LB,2020,1,24565,30963,41500,2020Q1
2353,LB,2020,2,31574,35233,44660,2020Q2
2502,LB,2020,3,37711,38797,49495,2020Q3
2628,LB,2020,4,60683,42727,54794,2020Q4
2765,LB,2021,1,59438,47635,61393,2021Q1
2993,LB,2021,2,74472,51539,69119,2021Q2
3029,LB,2021,3,45173,54887,74595,2021Q3
3149,LB,2021,4,53008,58179,77454,2021Q4
3268,LB,2022,1,55796,62982,82036,2022Q1
3312,LB,2022,2,70913,66722,88523,2022Q2
3452,LB,2022,3,82722,70836,99707,2022Q3
3520,LB,2022,4,86428,74394,105742,2022Q4
3755,LB,2023,1,85236,79421,113620,2023Q1
3914,LB,2023,2,91168,85077,120804,2023Q2
4166,LB,2023,3,90228,90981,131250,2023Q3
4321,LB,2023,4,93077,95832,137167,2023Q4
4481,LB,2024,1,95991,101383,145301,2024Q1
4688,LB,2024,2,99669,106250,152028,2024Q2
4885,LB,2024,3,113406,111040,162894,2024Q3
4908,LB,2024,4,103439,114833,166426,2024Q4
5240,LB,2025,1,123651,122971,176624,2025Q1
5488,LB,2025,2,154858,129701,193818,2025Q2
5853,LB,2025,3,166369,140796,209946,2025Q3
6077,LB,2025,4,195576,152902,221369,2025Q4
6517,LB,2026,1,221917,165282,236105,2026Q1
102,LC,2025,3,3710,3682,3931,2025Q3
101,LC,2025,4,3829,3960,4188,2025Q4
108,LC,2026,1,6102,4283,4602,2026Q1
147,LI,2025,2,3067,2318,4118,2025Q2
161,LI,2025,3,3112,2439,4466,2025Q3
170,LI,2025,4,4699,2688,4483,2025Q4
187,LI,2026,1,7020,3056,4685,2026Q1
7205,LK,2020,1,144885,84292,257723,2020Q1
8023,LK,2020,2,224575,95516,285947,2020Q2
8514,LK,2020,3,194379,104093,311354,2020Q3
9211,LK,2020,4,233781,115313,343034,2020Q4
9812,LK,2021,1,215903,124223,369222,2021Q1
10646,LK,2021,2,296213,135679,404800,2021Q2
11444,LK,2021,3,368413,154117,453629,2021Q3
12046,LK,2021,4,309456,166992,495476,2021Q4
12723,LK,2022,1,279872,181002,542035,2022Q1
13109,LK,2022,2,336075,192232,570494,2022Q2
13753,LK,2022,3,362587,206980,607681,2022Q3
14303,LK,2022,4,361643,223564,645128,2022Q4
15295,LK,2023,1,371272,243299,689777,2023Q1
16035,LK,2023,2,444903,262954,764017,2023Q2
16963,LK,2023,3,470157,282588,811902,2023Q3
17784,LK,2023,4,514226,301030,860173,2023Q4
18937,LK,2024,1,570872,323028,931867,2024Q1
19999,LK,2024,2,690814,340783,1001732,2024Q2
21317,LK,2024,3,686127,362247,1057138,2024Q3
22693,LK,2024,4,787290,384783,1131593,2024Q4
24572,LK,2025,1,888018,409518,1210923,2025Q1
26112,LK,2025,2,1091146,432098,1298066,2025Q2
27809,LK,2025,3,1159017,468278,1395745,2025Q3
29536,LK,2025,4,1190217,502346,1481398,2025Q4
32064,LK,2026,1,1636367,541411,1609145,2026Q1
178,LR,2020,4,1519,1966,2412,2020Q4
181,LR,2021,1,1327,2122,2729,2021Q1
190,LR,2021,2,3555,2476,3374,2021Q2
195,LR,2021,3,2141,2674,3924,2021Q3
208,LR,2021,4,3555,3019,4838,2021Q4
208,LR,2022,1,2145,3274,5306,2022Q1
207,LR,2022,2,5529,3600,6036,2022Q2
216,LR,2022,3,5925,3917,6858,2022Q3
228,LR,2022,4,11835,4489,8537,2022Q4
235,LR,2023,1,7909,4797,9384,2023Q1
242,LR,2023,2,7881,5165,10387,2023Q2
251,LR,2023,3,10574,5471,10806,2023Q3
259,LR,2023,4,4877,5663,10731,2023Q4
266,LR,2024,1,3699,5945,11144,2024Q1
284,LR,2024,2,5772,6257,12216,2024Q2
293,LR,2024,3,4006,6534,12881,2024Q3
309,LR,2024,4,3878,6963,13418,2024Q4
331,LR,2025,1,3896,7540,14259,2025Q1
365,LR,2025,2,7359,8229,15790,2025Q2
373,LR,2025,3,8567,9583,17089,2025Q3
391,LR,2025,4,15274,10813,19101,2025Q4
413,LR,2026,1,15754,11954,20271,2026Q1
115,LS,2021,2,934,2038,2231,2021Q2
124,LS,2021,3,2276,2247,2628,2021Q3
135,LS,2021,4,1142,2439,2891,2021Q4
140,LS,2022,1,1273,2628,3215,2022Q1
137,LS,2022,2,3224,2983,4242,2022Q2
145,LS,2022,3,6874,3182,4787,2022Q3
139,LS,2022,4,6411,3462,5454,2022Q4
150,LS,2023,1,6460,3708,6380,2023Q1
156,LS,2023,2,4389,3950,7021,2023Q2
160,LS,2023,3,5467,4226,7468,2023Q3
170,LS,2023,4,6319,4538,7840,2023Q4
191,LS,2024,1,5871,4814,9130,2024Q1
196,LS,2024,2,6198,5131,9671,2024Q2
208,LS,2024,3,6611,5514,11023,2024Q3
244,LS,2024,4,7041,6075,13030,2024Q4
239,LS,2025,1,5701,6715,14772,2025Q1
259,LS,2025,2,11587,7268,17079,2025Q2
269,LS,2025,3,11997,8398,19741,2025Q3
283,LS,2025,4,17648,9340,23210,2025Q4
306,LS,2026,1,15589,10459,25063,2026Q1
3288,LT,2020,1,113246,56617,133760,2020Q1
3604,LT,2020,2,130382,60955,142760,2020Q2
3811,LT,2020,3,107202,65189,153528,2020Q3
4080,LT,2020,4,146981,69846,163320,2020Q4
4361,LT,2021,1,149795,74882,175302,2021Q1
4508,LT,2021,2,151933,78982,187989,2021Q2
4692,LT,2021,3,123339,83147,202996,2021Q3
4932,LT,2021,4,157119,87536,216295,2021Q4
5150,LT,2022,1,166298,94663,234311,2022Q1
5362,LT,2022,2,195201,100893,253921,2022Q2
5656,LT,2022,3,161434,106594,271940,2022Q3
5793,LT,2022,4,206395,112323,287120,2022Q4
6222,LT,2023,1,212244,118765,302108,2023Q1
6546,LT,2023,2,199768,125343,317585,2023Q2
6887,LT,2023,3,169850,131440,330122,2023Q3
7155,LT,2023,4,213384,137505,344910,2023Q4
7500,LT,2024,1,207863,150464,355500,2024Q1
7923,LT,2024,2,217358,155264,368507,2024Q2
8300,LT,2024,3,177447,158130,380043,2024Q3
8931,LT,2024,4,230099,166184,398085,2024Q4
9531,LT,2025,1,232482,175248,413633,2025Q1
9794,LT,2025,2,277468,184558,451382,2025Q2
10418,LT,2025,3,237059,194617,467598,2025Q3
10760,LT,2025,4,324760,208505,488556,2025Q4
11532,LT,2026,1,395869,227028,515191,2026Q1
1116,LU,2020,1,33263,15981,43965,2020Q1
1139,LU,2020,2,35968,16530,42387,2020Q2
1210,LU,2020,3,29605,17500,44681,2020Q3
1253,LU,2020,4,33830,18497,46187,2020Q4
1357,LU,2021,1,39144,19677,48802,2021Q1
1441,LU,2021,2,38655,20775,52501,2021Q2
1456,LU,2021,3,34581,22195,56840,2021Q3
1586,LU,2021,4,39584,23649,63196,2021Q4
1561,LU,2022,1,38806,25107,64545,2022Q1
1655,LU,2022,2,40781,26972,72865,2022Q2
1747,LU,2022,3,41394,28675,77364,2022Q3
1812,LU,2022,4,45846,30071,79396,2022Q4
1954,LU,2023,1,50203,32377,86485,2023Q1
2142,LU,2023,2,51206,35012,92699,2023Q2
2189,LU,2023,3,47704,37132,94566,2023Q3
2244,LU,2023,4,51596,39150,98266,2023Q4
2418,LU,2024,1,55035,41482,101763,2024Q1
2488,LU,2024,2,60743,42621,105747,2024Q2
2667,LU,2024,3,57289,44152,111461,2024Q3
2819,LU,2024,4,65681,46797,120126,2024Q4
3022,LU,2025,1,68951,49165,121194,2025Q1
3233,LU,2025,2,80401,51646,126707,2025Q2
3239,LU,2025,3,70300,54073,126712,2025Q3
3389,LU,2025,4,91576,57359,131347,2025Q4
3690,LU,2026,1,133164,61847,139512,2026Q1
2135,LV,2020,1,70834,36586,84607,2020Q1
2340,LV,2020,2,74241,39704,90652,2020Q2
2518,LV,2020,3,77876,43039,96842,2020Q3
2737,LV,2020,4,85140,46479,104634,2020Q4
2951,LV,2021,1,102173,50471,112042,2021Q1
3050,LV,2021,2,84211,53481,121815,2021Q2
3148,LV,2021,3,86665,56675,129484,2021Q3
3269,LV,2021,4,96885,60085,135761,2021Q4
3410,LV,2022,1,108513,65977,148800,2022Q1
3549,LV,2022,2,110542,70579,162326,2022Q2
3752,LV,2022,3,100613,74992,173896,2022Q3
3994,LV,2022,4,111962,79775,179615,2022Q4
4193,LV,2023,1,137747,85233,193009,2023Q1
4385,LV,2023,2,131621,90206,205251,2023Q2
4907,LV,2023,3,106761,95951,215401,2023Q3
4792,LV,2023,4,128479,101035,224555,2023Q4
4986,LV,2024,1,132574,108873,232886,2024Q1
5159,LV,2024,2,140340,113073,243895,2024Q2
5456,LV,2024,3,109380,115893,258273,2024Q3
5779,LV,2024,4,150756,122208,279973,2024Q4
6214,LV,2025,1,180249,131351,297615,2025Q1
6637,LV,2025,2,212552,139683,321933,2025Q2
7077,LV,2025,3,187744,148898,338548,2025Q3
8002,LV,2025,4,249288,164021,367843,2025Q4
8713,LV,2026,1,386553,190889,431483,2026Q1
955,LY,2020,1,2356,9125,9322,2020Q1
1024,LY,2020,2,3557,10314,10909,2020Q2
1046,LY,2020,3,2854,11219,11621,2020Q3
1091,LY,2020,4,3257,12457,12512,2020Q4
1139,LY,2021,1,4627,13714,13464,2021Q1
1164,LY,2021,2,3930,14906,14899,2021Q2
1187,LY,2021,3,4668,16125,16506,2021Q3
1228,LY,2021,4,4307,17489,17771,2021Q4
1251,LY,2022,1,3874,19088,19393,2022Q1
1288,LY,2022,2,5934,20496,20415,2022Q2
1328,LY,2022,3,9490,22176,21889,2022Q3
1359,LY,2022,4,7896,24029,23810,2022Q4
1429,LY,2023,1,8797,25817,25719,2023Q1
1464,LY,2023,2,11069,28208,27816,2023Q2
1557,LY,2023,3,16732,30522,30036,2023Q3
1584,LY,2023,4,12118,31688,29452,2023Q4
1635,LY,2024,1,11055,33502,29871,2024Q1
1698,LY,2024,2,9587,35642,32503,2024Q2
1785,LY,2024,3,13912,38022,36753,2024Q3
1867,LY,2024,4,14681,41196,39666,2024Q4
1951,LY,2025,1,14943,44636,42634,2025Q1
1879,LY,2025,2,22808,49072,46197,2025Q2
1935,LY,2025,3,30846,56877,50083,2025Q3
2009,LY,2025,4,45875,66426,55358,2025Q4
2077,LY,2026,1,64335,73665,61237,2026Q1
17523,MA,2020,1,99380,142405,181265,2020Q1
18198,MA,2020,2,134697,161134,204859,2020Q2
18508,MA,2020,3,101540,174167,222346,2020Q3
18957,MA,2020,4,130640,192213,244387,2020Q4
19512,MA,2021,1,180763,211693,278303,2021Q1
20163,MA,2021,2,188134,230292,312563,2021Q2
20515,MA,2021,3,153318,247624,349212,2021Q3
20844,MA,2021,4,200511,266861,383013,2021Q4
21213,MA,2022,1,243255,289130,422801,2022Q1
21662,MA,2022,2,256559,309248,461578,2022Q2
22211,MA,2022,3,250367,329732,499589,2022Q3
22599,MA,2022,4,309591,352152,541909,2022Q4
23893,MA,2023,1,969639,387675,603755,2023Q1
24533,MA,2023,2,1026359,421084,665016,2023Q2
25103,MA,2023,3,1012106,448194,721810,2023Q3
25837,MA,2023,4,831589,478096,780910,2023Q4
26695,MA,2024,1,782075,514125,844854,2024Q1
27622,MA,2024,2,610994,539045,897089,2024Q2
28288,MA,2024,3,501211,560210,951298,2024Q3
29742,MA,2024,4,655603,593273,1025194,2024Q4
30968,MA,2025,1,640478,632885,1101095,2025Q1
32539,MA,2025,2,778740,673894,1186284,2025Q2
33774,MA,2025,3,693709,730638,1258889,2025Q3
35451,MA,2025,4,1030908,822452,1378131,2025Q4
38776,MA,2026,1,1256533,906406,1496663,2026Q1
223,MC,2025,2,6164,2574,4760,2025Q2
239,MC,2025,3,4213,2802,5020,2025Q3
208,MC,2025,4,6925,2941,4668,2025Q4
236,MC,2026,1,9204,3256,4977,2026Q1
1862,MD,2020,1,45559,27810,60700,2020Q1
2020,MD,2020,2,57844,30541,66876,2020Q2
2114,MD,2020,3,57908,33494,72604,2020Q3
2217,MD,2020,4,61419,36114,78849,2020Q4
2319,MD,2021,1,65415,38908,85431,2021Q1
2402,MD,2021,2,60192,41360,91431,2021Q2
2483,MD,2021,3,56803,44012,99043,2021Q3
2531,MD,2021,4,65420,46410,104172,2021Q4
2619,MD,2022,1,65970,50309,112411,2022Q1
2660,MD,2022,2,69699,53706,119919,2022Q2
2780,MD,2022,3,74177,57060,128255,2022Q3
2859,MD,2022,4,85985,59824,135960,2022Q4
2990,MD,2023,1,94234,63551,144743,2023Q1
3121,MD,2023,2,98639,68424,155739,2023Q2
3345,MD,2023,3,88061,72401,164066,2023Q3
3379,MD,2023,4,108833,76570,171946,2023Q4
3574,MD,2024,1,102698,81565,182452,2024Q1
3645,MD,2024,2,97367,86583,189655,2024Q2
3899,MD,2024,3,88292,90299,197934,2024Q3
4097,MD,2024,4,108477,92841,209141,2024Q4
4342,MD,2025,1,123571,98549,221198,2025Q1
4470,MD,2025,2,137250,103307,230298,2025Q2
5889,MD,2025,3,115396,111206,237588,2025Q3
5979,MD,2025,4,178866,122400,252985,2025Q4
6379,MD,2026,1,238006,140751,286891,2026Q1
289,ME,2020,1,8444,4978,10767,2020Q1
314,ME,2020,2,10782,5768,12007,2020Q2
324,ME,2020,3,10421,6277,13156,2020Q3
325,ME,2020,4,9021,6656,13442,2020Q4
355,ME,2021,1,11098,7087,14306,2021Q1
373,ME,2021,2,13438,7499,15249,2021Q2
408,ME,2021,3,10044,8214,17889,2021Q3
388,ME,2021,4,10391,8519,18259,2021Q4
418,ME,2022,1,13785,9084,19068,2022Q1
603,ME,2022,2,24885,10779,32589,2022Q2
675,ME,2022,3,32443,12157,37427,2022Q3
815,ME,2022,4,40690,13750,44616,2022Q4
991,ME,2023,1,45916,15603,53401,2023Q1
1086,ME,2023,2,52663,17482,62764,2023Q2
1126,ME,2023,3,56881,18660,64839,2023Q3
1136,ME,2023,4,52817,19519,63491,2023Q4
1168,ME,2024,1,46731,20366,63480,2024Q1
1239,ME,2024,2,45197,21077,64035,2024Q2
1249,ME,2024,3,41570,21942,67907,2024Q3
1253,ME,2024,4,39462,22597,65539,2024Q4
1349,ME,2025,1,45255,23628,66022,2025Q1
1330,ME,2025,2,40971,24598,65028,2025Q2
1386,ME,2025,3,48493,25929,65468,2025Q3
1436,ME,2025,4,55426,27514,68555,2025Q4
1491,ME,2026,1,62672,29425,67841,2026Q1
789,MG,2020,1,13000,10105,16955,2020Q1
863,MG,2020,2,10234,10980,18279,2020Q2
917,MG,2020,3,17087,12067,20775,2020Q3
961,MG,2020,4,14706,13197,22396,2020Q4
993,MG,2021,1,15146,14426,25621,2021Q1
1088,MG,2021,2,16782,15713,28048,2021Q2
1157,MG,2021,3,18413,17147,30809,2021Q3
1219,MG,2021,4,16566,18346,33520,2021Q4
1310,MG,2022,1,29583,20292,38983,2022Q1
1389,MG,2022,2,32058,22037,43599,2022Q2
1520,MG,2022,3,38016,23776,49712,2022Q3
1587,MG,2022,4,30976,25500,53623,2022Q4
1726,MG,2023,1,59006,27740,59361,2023Q1
1912,MG,2023,2,53925,30105,65563,2023Q2
2009,MG,2023,3,65049,32474,72104,2023Q3
2120,MG,2023,4,60231,34796,77855,2023Q4
2297,MG,2024,1,90251,37915,85611,2024Q1
2456,MG,2024,2,76103,40871,92685,2024Q2
2633,MG,2024,3,72574,43703,99880,2024Q3
2791,MG,2024,4,73179,47114,107295,2024Q4
3024,MG,2025,1,95989,51949,118959,2025Q1
3220,MG,2025,2,109812,57315,131807,2025Q2
3441,MG,2025,3,133204,64798,144014,2025Q3
3658,MG,2025,4,134680,72187,154510,2025Q4
3930,MG,2026,1,231272,81275,170760,2026Q1
1237,MK,2020,1,29475,22923,41051,2020Q1
1315,MK,2020,2,39102,25191,45209,2020Q2
1384,MK,2020,3,31484,27034,48776,2020Q3
1456,MK,2020,4,36342,29392,52380,2020Q4
1524,MK,2021,1,38854,31511,56561,2021Q1
1589,MK,2021,2,43027,33379,60798,2021Q2
1646,MK,2021,3,34077,35044,64349,2021Q3
1675,MK,2021,4,44470,37158,69168,2021Q4
1758,MK,2022,1,45904,39859,73977,2022Q1
1789,MK,2022,2,47447,41972,79585,2022Q2
1866,MK,2022,3,41792,43757,83401,2022Q3
1918,MK,2022,4,53299,46137,87984,2022Q4
2012,MK,2023,1,62432,48678,94723,2023Q1
2089,MK,2023,2,61744,51170,100112,2023Q2
2174,MK,2023,3,50026,52990,105319,2023Q3
2264,MK,2023,4,57643,55647,110156,2023Q4
2403,MK,2024,1,65027,58511,116545,2024Q1
2437,MK,2024,2,67123,60396,121683,2024Q2
2539,MK,2024,3,52920,61937,125463,2024Q3
2650,MK,2024,4,68098,64206,130199,2024Q4
2788,MK,2025,1,75779,67975,135728,2025Q1
2920,MK,2025,2,81340,69445,144350,2025Q2
3059,MK,2025,3,65631,72580,146215,2025Q3
3166,MK,2025,4,86874,76972,151893,2025Q4
3323,MK,2026,1,115875,81773,158783,2026Q1
261,ML,2020,3,1506,2630,2814,2020Q3
276,ML,2020,4,1501,2930,3184,2020Q4
282,ML,2021,1,1455,3232,3539,2021Q1
291,ML,2021,2,1748,3589,4018,2021Q2
306,ML,2021,3,2423,4050,4964,2021Q3
321,ML,2021,4,4719,4432,5670,2021Q4
340,ML,2022,1,5085,4963,6397,2022Q1
360,ML,2022,2,4466,5489,7180,2022Q2
377,ML,2022,3,8425,6082,8660,2022Q3
398,ML,2022,4,7713,6747,10164,2022Q4
425,ML,2023,1,10088,7485,11572,2023Q1
444,ML,2023,2,7185,8109,12724,2023Q2
471,ML,2023,3,9592,8740,14100,2023Q3
470,ML,2023,4,7834,9363,15213,2023Q4
496,ML,2024,1,6545,10049,16184,2024Q1
562,ML,2024,2,7029,10543,17411,2024Q2
578,ML,2024,3,8757,11268,18570,2024Q3
576,ML,2024,4,7987,12066,19400,2024Q4
626,ML,2025,1,8983,14424,20829,2025Q1
658,ML,2025,2,11191,14507,22644,2025Q2
682,ML,2025,3,15228,22761,24240,2025Q3
710,ML,2025,4,15787,19094,26460,2025Q4
741,ML,2026,1,22591,21292,28271,2026Q1
5218,MM,2020,1,42148,46306,68391,2020Q1
5517,MM,2020,2,51434,53678,77418,2020Q2
5826,MM,2020,3,57173,62501,88377,2020Q3
6093,MM,2020,4,60893,70722,98061,2020Q4
6116,MM,2021,1,32835,74063,100511,2021Q1
5882,MM,2021,2,27333,75240,86218,2021Q2
5894,MM,2021,3,42119,78678,91829,2021Q3
6003,MM,2021,4,41611,82771,100121,2021Q4
6060,MM,2022,1,48639,87675,110174,2022Q1
6110,MM,2022,2,52485,92419,119827,2022Q2
6235,MM,2022,3,59529,97806,129398,2022Q3
6329,MM,2022,4,69555,103504,142555,2022Q4
6765,MM,2023,1,90299,110984,162846,2023Q1
6926,MM,2023,2,99621,117984,179823,2023Q2
7120,MM,2023,3,114784,126024,194184,2023Q3
7320,MM,2023,4,113778,132700,206407,2023Q4
7494,MM,2024,1,121804,141212,221852,2024Q1
7363,MM,2024,2,93155,144771,210935,2024Q2
7167,MM,2024,3,77085,146205,203135,2024Q3
7145,MM,2024,4,75209,147800,202221,2024Q4
7185,MM,2025,1,77745,150194,204918,2025Q1
7234,MM,2025,2,94234,153832,207494,2025Q2
7331,MM,2025,3,117815,168803,222693,2025Q3
7395,MM,2025,4,122028,182911,232193,2025Q4
7582,MM,2026,1,174641,199199,247843,2026Q1
1439,MN,2020,1,9361,14085,20353,2020Q1
1550,MN,2020,2,10403,15661,22212,2020Q2
1598,MN,2020,3,10117,16783,24090,2020Q3
1669,MN,2020,4,14892,18774,26592,2020Q4
1763,MN,2021,1,16501,20975,29639,2021Q1
1847,MN,2021,2,17934,22932,33194,2021Q2
1911,MN,2021,3,12693,24417,35360,2021Q3
1986,MN,2021,4,19785,26261,38183,2021Q4
2040,MN,2022,1,23373,28674,43311,2022Q1
2120,MN,2022,2,24848,30465,47528,2022Q2
2199,MN,2022,3,23799,32416,51696,2022Q3
2243,MN,2022,4,38859,34816,56362,2022Q4
2425,MN,2023,1,38583,37356,60927,2023Q1
2551,MN,2023,2,46665,39974,65590,2023Q2
2648,MN,2023,3,23206,44701,68958,2023Q3
2701,MN,2023,4,36914,47717,72904,2023Q4
2803,MN,2024,1,37042,51603,77332,2024Q1
2937,MN,2024,2,38482,54134,81689,2024Q2
3056,MN,2024,3,29830,55960,86335,2024Q3
3171,MN,2024,4,56802,58876,92284,2024Q4
3301,MN,2025,1,54602,63542,97432,2025Q1
3509,MN,2025,2,80282,66663,104170,2025Q2
3613,MN,2025,3,60698,72201,110291,2025Q3
3766,MN,2025,4,84484,80716,118875,2025Q4
3917,MN,2026,1,120203,89495,128693,2026Q1
515,MO,2020,1,7487,8400,19047,2020Q1
554,MO,2020,2,10356,8842,18795,2020Q2
582,MO,2020,3,12587,9730,22351,2020Q3
625,MO,2020,4,12766,10716,24483,2020Q4
611,MO,2021,1,12656,11353,25777,2021Q1
640,MO,2021,2,12009,11957,28577,2021Q2
625,MO,2021,3,11984,12461,27152,2021Q3
651,MO,2021,4,14469,13383,29679,2021Q4
648,MO,2022,1,16006,14310,30525,2022Q1
679,MO,2022,2,20163,15107,32313,2022Q2
692,MO,2022,3,13699,15762,31852,2022Q3
789,MO,2022,4,13659,16912,37105,2022Q4
839,MO,2023,1,12782,18327,38401,2023Q1
857,MO,2023,2,15120,19432,41255,2023Q2
879,MO,2023,3,13633,20650,41446,2023Q3
928,MO,2023,4,15779,22199,44385,2023Q4
933,MO,2024,1,17304,23633,45828,2024Q1
881,MO,2024,2,19717,24619,47888,2024Q2
882,MO,2024,3,18651,25484,47401,2024Q3
994,MO,2024,4,20895,27494,50937,2024Q4
1083,MO,2025,1,23820,30806,60797,2025Q1
1127,MO,2025,2,27858,33053,61643,2025Q2
1095,MO,2025,3,21819,34732,59842,2025Q3
1100,MO,2025,4,29773,37660,62174,2025Q4
1042,MO,2026,1,43699,40701,60647,2026Q1
156,MQ,2021,1,1799,2215,3969,2021Q1
168,MQ,2021,3,2999,2498,4841,2021Q3
178,MQ,2022,1,3626,2841,4913,2022Q1
187,MQ,2022,2,6195,2993,5355,2022Q2
173,MQ,2022,3,4131,3167,5606,2022Q3
175,MQ,2022,4,3092,3286,5610,2022Q4
189,MQ,2023,1,3010,3498,6766,2023Q1
196,MQ,2023,2,3213,3720,7271,2023Q2
193,MQ,2023,3,2151,3906,7062,2023Q3
205,MQ,2023,4,2195,4086,6628,2023Q4
225,MQ,2024,1,2467,4360,7069,2024Q1
221,MQ,2024,2,5001,4618,7304,2024Q2
231,MQ,2024,3,4918,4807,7357,2024Q3
225,MQ,2024,4,5100,5021,8125,2024Q4
250,MQ,2025,1,2493,5469,9195,2025Q1
258,MQ,2025,2,2657,5967,8394,2025Q2
262,MQ,2025,3,5718,6373,8723,2025Q3
267,MQ,2025,4,8851,6943,9272,2025Q4
287,MQ,2026,1,12030,7814,10376,2026Q1
176,MR,2020,2,968,1808,2341,2020Q2
182,MR,2020,3,1162,2004,2764,2020Q3
186,MR,2020,4,1100,2166,3036,2020Q4
187,MR,2021,1,1413,2407,3645,2021Q1
209,MR,2021,2,1721,2661,3951,2021Q2
219,MR,2021,3,1325,2910,4601,2021Q3
230,MR,2021,4,1032,3116,4792,2021Q4
244,MR,2022,1,2175,3515,5675,2022Q1
255,MR,2022,2,2314,3826,6456,2022Q2
257,MR,2022,3,2653,4158,7110,2022Q3
259,MR,2022,4,2303,4452,7340,2022Q4
273,MR,2023,1,2350,4880,8279,2023Q1
276,MR,2023,2,4154,5399,8840,2023Q2
292,MR,2023,3,5018,5907,9719,2023Q3
297,MR,2023,4,3448,6348,10013,2023Q4
325,MR,2024,1,5586,6994,11275,2024Q1
340,MR,2024,2,6483,7560,12403,2024Q2
350,MR,2024,3,6853,8013,13844,2024Q3
359,MR,2024,4,7974,8694,14609,2024Q4
394,MR,2025,1,8576,9801,16102,2025Q1
423,MR,2025,2,11554,10906,17873,2025Q2
449,MR,2025,3,11593,12463,19599,2025Q3
472,MR,2025,4,17990,14250,21365,2025Q4
511,MR,2026,1,21731,16255,24761,2026Q1
681,MT,2020,1,22745,12791,25608,2020Q1
760,MT,2020,2,27051,13594,26801,2020Q2
779,MT,2020,3,17145,14242,27311,2020Q3
833,MT,2020,4,21346,15210,30084,2020Q4
884,MT,2021,1,27213,16034,31767,2021Q1
977,MT,2021,2,24131,16874,33437,2021Q2
1008,MT,2021,3,20344,17532,34877,2021Q3
1057,MT,2021,4,24582,18402,36827,2021Q4
1152,MT,2022,1,26852,19682,39464,2022Q1
1224,MT,2022,2,27260,20993,42521,2022Q2
1200,MT,2022,3,24096,21820,43021,2022Q3
1286,MT,2022,4,31123,22996,46268,2022Q4
1299,MT,2023,1,29914,24084,49103,2023Q1
1416,MT,2023,2,31921,25615,51527,2023Q2
1497,MT,2023,3,25211,26551,52515,2023Q3
1554,MT,2023,4,27973,27912,55404,2023Q4
1627,MT,2024,1,34244,29282,57039,2024Q1
1699,MT,2024,2,32533,30118,60473,2024Q2
1822,MT,2024,3,27837,31172,63205,2024Q3
2010,MT,2024,4,28874,32707,64846,2024Q4
2582,MT,2025,1,44753,34703,67205,2025Q1
2805,MT,2025,2,47770,36364,72382,2025Q2
2617,MT,2025,3,44794,38256,74336,2025Q3
2709,MT,2025,4,52931,40546,77017,2025Q4
2917,MT,2026,1,86776,43600,81101,2026Q1
683,MU,2020,1,9442,10812,22410,2020Q1
739,MU,2020,2,12270,11946,23409,2020Q2
756,MU,2020,3,10496,12663,24837,2020Q3
830,MU,2020,4,11357,13753,27264,2020Q4
870,MU,2021,1,14792,14686,28648,2021Q1
910,MU,2021,2,17685,15767,29965,2021Q2
920,MU,2021,3,13845,16411,30347,2021Q3
939,MU,2021,4,19915,17571,32403,2021Q4
1017,MU,2022,1,23053,20938,39792,2022Q1
1038,MU,2022,2,20433,22962,41800,2022Q2
1070,MU,2022,3,19028,22815,43338,2022Q3
1089,MU,2022,4,18174,23280,43454,2022Q4
1136,MU,2023,1,21061,24546,48904,2023Q1
1181,MU,2023,2,24802,26021,50425,2023Q2
1210,MU,2023,3,23920,27044,51426,2023Q3
1268,MU,2023,4,20431,28228,53090,2023Q4
1325,MU,2024,1,21457,29765,54182,2024Q1
1362,MU,2024,2,21684,30952,55343,2024Q2
1412,MU,2024,3,21294,32198,57777,2024Q3
1472,MU,2024,4,22307,33624,60875,2024Q4
1544,MU,2025,1,24858,37290,69294,2025Q1
1636,MU,2025,2,34004,39183,78932,2025Q2
1667,MU,2025,3,45948,41768,80745,2025Q3
1764,MU,2025,4,66302,45903,87579,2025Q4
1881,MU,2026,1,80270,50296,86901,2026Q1
251,MV,2020,1,2909,3770,4965,2020Q1
295,MV,2020,2,6209,4333,5565,2020Q2
333,MV,2020,3,4167,4861,6221,2020Q3
351,MV,2020,4,4843,5406,7114,2020Q4
395,MV,2021,1,4086,5950,7973,2021Q1
425,MV,2021,2,5104,6548,9144,2021Q2
457,MV,2021,3,4615,7110,9926,2021Q3
501,MV,2021,4,4781,7701,10977,2021Q4
518,MV,2022,1,4315,8324,11628,2022Q1
545,MV,2022,2,7050,8798,12396,2022Q2
580,MV,2022,3,6309,9363,13199,2022Q3
589,MV,2022,4,5952,9933,14159,2022Q4
627,MV,2023,1,6361,10664,14505,2023Q1
647,MV,2023,2,5975,11501,15503,2023Q2
686,MV,2023,3,6943,12131,16129,2023Q3
714,MV,2023,4,8222,12777,17064,2023Q4
734,MV,2024,1,8535,13461,17512,2024Q1
748,MV,2024,2,8242,14062,18274,2024Q2
794,MV,2024,3,9135,14763,19128,2024Q3
844,MV,2024,4,8745,15540,20411,2024Q4
860,MV,2025,1,10142,16643,21571,2025Q1
939,MV,2025,2,12105,17988,22948,2025Q2
963,MV,2025,3,19567,19367,24659,2025Q3
1018,MV,2025,4,20772,21032,26443,2025Q4
1091,MV,2026,1,32451,22798,28202,2026Q1
215,MW,2020,1,2016,3510,4107,2020Q1
243,MW,2020,2,2720,3902,4534,2020Q2
267,MW,2020,3,2577,4281,5029,2020Q3
285,MW,2020,4,3047,4660,5629,2020Q4
312,MW,2021,1,2847,4976,6176,2021Q1
347,MW,2021,2,4356,5428,6988,2021Q2
373,MW,2021,3,7004,5972,7970,2021Q3
393,MW,2021,4,6539,6658,9064,2021Q4
446,MW,2022,1,8408,7286,10463,2022Q1
471,MW,2022,2,15724,8083,12693,2022Q2
496,MW,2022,3,27313,9038,14542,2022Q3
515,MW,2022,4,23423,9754,15977,2022Q4
557,MW,2023,1,40622,10958,18012,2023Q1
594,MW,2023,2,29669,12064,19800,2023Q2
623,MW,2023,3,25726,13058,22048,2023Q3
684,MW,2023,4,20223,13922,23786,2023Q4
728,MW,2024,1,20017,15698,26071,2024Q1
778,MW,2024,2,24148,17100,28884,2024Q2
861,MW,2024,3,18460,18621,31975,2024Q3
900,MW,2024,4,22297,19954,33359,2024Q4
962,MW,2025,1,19452,21961,35915,2025Q1
1028,MW,2025,2,33339,23826,39121,2025Q2
1069,MW,2025,3,32818,27549,42449,2025Q3
1148,MW,2025,4,40631,31019,46956,2025Q4
1245,MW,2026,1,65095,35746,51964,2026Q1
36691,MX,2020,1,572711,537945,1089820,2020Q1
39262,MX,2020,2,803902,595987,1184402,2020Q2
41448,MX,2020,3,731235,666919,1274788,2020Q3
43366,MX,2020,4,807280,735164,1385699,2020Q4
45538,MX,2021,1,828908,827563,1499021,2021Q1
47614,MX,2021,2,974157,896220,1617585,2021Q2
49540,MX,2021,3,885658,980147,1740510,2021Q3
50757,MX,2021,4,979483,1047463,1873602,2021Q4
52832,MX,2022,1,1056651,1129550,2050901,2022Q1
54311,MX,2022,2,1229609,1200917,2197057,2022Q2
56304,MX,2022,3,1065160,1274130,2323483,2022Q3
57579,MX,2022,4,1191179,1339349,2466161,2022Q4
60393,MX,2023,1,1177565,1418639,2613772,2023Q1
62303,MX,2023,2,1333712,1504115,2756348,2023Q2
64138,MX,2023,3,1134809,1588610,2879692,2023Q3
66152,MX,2023,4,1317667,1672397,3022860,2023Q4
68623,MX,2024,1,1225268,1785060,3175618,2024Q1
70831,MX,2024,2,1525171,1852119,3330982,2024Q2
73017,MX,2024,3,1330833,1931434,3467967,2024Q3
75556,MX,2024,4,1629944,2009830,3628800,2024Q4
78953,MX,2025,1,1593077,2121070,3832713,2025Q1
81822,MX,2025,2,2179086,2237748,4047274,2025Q2
84454,MX,2025,3,2038588,2426573,4253140,2025Q3
87432,MX,2025,4,2670594,2637576,4501247,2025Q4
92440,MX,2026,1,3192114,2865151,4777192,2026Q1
17749,MY,2020,1,168110,230371,385216,2020Q1
18758,MY,2020,2,231468,257191,420621,2020Q2
19511,MY,2020,3,227244,280133,454396,2020Q3
20317,MY,2020,4,262439,306282,488533,2020Q4
21041,MY,2021,1,268844,330302,517898,2021Q1
22289,MY,2021,2,293762,358033,552188,2021Q2
23005,MY,2021,3,314289,389910,586408,2021Q3
23645,MY,2021,4,322789,421744,627543,2021Q4
24211,MY,2022,1,327709,452665,668522,2022Q1
24794,MY,2022,2,346636,481625,705592,2022Q2
25352,MY,2022,3,350335,505696,748351,2022Q3
26007,MY,2022,4,355281,531869,778233,2022Q4
27326,MY,2023,1,390135,562878,828841,2023Q1
28191,MY,2023,2,440718,603511,872908,2023Q2
29039,MY,2023,3,430682,636916,915792,2023Q3
29924,MY,2023,4,483026,679803,962260,2023Q4
30711,MY,2024,1,485283,727457,1012940,2024Q1
31717,MY,2024,2,536167,746628,1052017,2024Q2
32784,MY,2024,3,512750,775713,1102298,2024Q3
34035,MY,2024,4,591187,815620,1170782,2024Q4
35371,MY,2025,1,627360,861302,1251918,2025Q1
36211,MY,2025,2,875506,913274,1315438,2025Q2
37635,MY,2025,3,856532,977950,1390885,2025Q3
39114,MY,2025,4,1053435,1058378,1476407,2025Q4
40839,MY,2026,1,1369607,1139033,1599930,2026Q1
587,MZ,2020,1,4663,5748,10330,2020Q1
643,MZ,2020,2,7391,6616,11669,2020Q2
684,MZ,2020,3,8642,7439,13067,2020Q3
725,MZ,2020,4,6825,8057,14051,2020Q4
785,MZ,2021,1,7739,8672,15560,2021Q1
848,MZ,2021,2,9160,9439,17397,2021Q2
888,MZ,2021,3,10603,10248,19441,2021Q3
905,MZ,2021,4,10743,10886,21206,2021Q4
940,MZ,2022,1,12019,11594,23199,2022Q1
956,MZ,2022,2,13699,12397,24875,2022Q2
979,MZ,2022,3,17480,13304,27767,2022Q3
1017,MZ,2022,4,26663,14099,29792,2022Q4
1061,MZ,2023,1,28788,15224,32336,2023Q1
1091,MZ,2023,2,23704,16488,34490,2023Q2
1193,MZ,2023,3,28018,18020,37163,2023Q3
1246,MZ,2023,4,22312,19302,39636,2023Q4
1312,MZ,2024,1,21573,20691,42338,2024Q1
1386,MZ,2024,2,18710,22126,45356,2024Q2
1447,MZ,2024,3,22787,23664,48635,2024Q3
1478,MZ,2024,4,21455,25173,51116,2024Q4
1562,MZ,2025,1,28835,27571,55088,2025Q1
1672,MZ,2025,2,39248,31294,60610,2025Q2
1776,MZ,2025,3,48313,37308,68017,2025Q3
1866,MZ,2025,4,59778,42814,76958,2025Q4
1963,MZ,2026,1,84910,48751,85511,2026Q1
150,NA,2020,1,1622,1870,3685,2020Q1
173,NA,2020,2,2960,2549,4324,2020Q2
190,NA,2020,3,3386,3126,4937,2020Q3
212,NA,2020,4,3100,3687,5712,2020Q4
234,NA,2021,1,7397,4078,5835,2021Q1
304,NA,2021,2,5557,4886,7277,2021Q2
327,NA,2021,3,3658,5388,7905,2021Q3
320,NA,2021,4,4031,5797,8636,2021Q4
343,NA,2022,1,7774,6269,9142,2022Q1
369,NA,2022,2,4922,6826,10111,2022Q2
392,NA,2022,3,8284,7483,10988,2022Q3
423,NA,2022,4,9526,8057,12415,2022Q4
449,NA,2023,1,15562,8625,13268,2023Q1
453,NA,2023,2,9088,9315,13979,2023Q2
483,NA,2023,3,11362,10175,14781,2023Q3
476,NA,2023,4,7428,10664,15407,2023Q4
515,NA,2024,1,8821,11434,16373,2024Q1
533,NA,2024,2,12301,12138,17400,2024Q2
568,NA,2024,3,8745,13064,18722,2024Q3
606,NA,2024,4,10234,14035,19344,2024Q4
619,NA,2025,1,6490,15240,20232,2025Q1
656,NA,2025,2,13083,16530,21929,2025Q2
696,NA,2025,3,18714,18302,24773,2025Q3
729,NA,2025,4,20571,19761,26005,2025Q4
782,NA,2026,1,26757,22072,28974,2026Q1
110,NC,2020,1,2594,1477,3249,2020Q1
115,NC,2020,2,3641,1602,3264,2020Q2
106,NC,2020,3,2640,1767,3540,2020Q3
108,NC,2020,4,3630,1822,3629,2020Q4
117,NC,2021,1,3809,1952,3904,2021Q1
128,NC,2021,2,4210,2062,4171,2021Q2
135,NC,2021,3,3768,2178,4425,2021Q3
135,NC,2021,4,3131,2291,4558,2021Q4
157,NC,2022,1,3925,2398,4929,2022Q1
161,NC,2022,2,3633,2531,4877,2022Q2
158,NC,2022,3,2512,2637,4926,2022Q3
155,NC,2022,4,3552,2747,5684,2022Q4
158,NC,2023,1,5493,2913,6083,2023Q1
160,NC,2023,2,5999,3064,6138,2023Q2
167,NC,2023,3,4267,3231,6480,2023Q3
171,NC,2023,4,3886,3343,6608,2023Q4
170,NC,2024,1,3987,3567,6929,2024Q1
185,NC,2024,2,4004,3709,7142,2024Q2
185,NC,2024,3,6550,3889,7307,2024Q3
184,NC,2024,4,5722,4026,7463,2024Q4
198,NC,2025,1,4949,4296,7735,2025Q1
211,NC,2025,2,4745,4461,8006,2025Q2
198,NC,2025,3,8474,4771,8082,2025Q3
202,NC,2025,4,7101,4966,8472,2025Q4
206,NC,2026,1,8236,5328,8729,2026Q1
144,NE,2022,1,2575,2381,4754,2022Q1
148,NE,2022,2,2598,2654,5739,2022Q2
150,NE,2022,3,1657,2905,6176,2022Q3
148,NE,2022,4,1579,3158,6507,2022Q4
170,NE,2023,1,4747,3626,7448,2023Q1
181,NE,2023,2,3155,3922,7938,2023Q2
178,NE,2023,3,4275,4119,7949,2023Q3
174,NE,2023,4,4878,4301,8358,2023Q4
181,NE,2024,1,5448,4493,8896,2024Q1
180,NE,2024,2,3737,4668,8618,2024Q2
192,NE,2024,3,3253,4896,9338,2024Q3
199,NE,2024,4,2099,5166,9310,2024Q4
203,NE,2025,1,2331,5580,9674,2025Q1
237,NE,2025,2,10312,6335,11886,2025Q2
248,NE,2025,3,7383,7195,13276,2025Q3
263,NE,2025,4,8658,8341,14625,2025Q4
293,NE,2026,1,7036,9598,15992,2026Q1
18879,NG,2020,1,272248,173641,464407,2020Q1
20481,NG,2020,2,476932,203064,563282,2020Q2
22008,NG,2020,3,448717,232444,646128,2020Q3
23321,NG,2020,4,359836,255132,711318,2020Q4
24624,NG,2021,1,385057,287828,777768,2021Q1
26156,NG,2021,2,473239,322655,871126,2021Q2
27375,NG,2021,3,556379,354801,958859,2021Q3
28550,NG,2021,4,512428,395367,1045510,2021Q4
30143,NG,2022,1,1101808,453264,1202837,2022Q1
31916,NG,2022,2,1899451,520136,1404665,2022Q2
33885,NG,2022,3,3514439,598921,1667814,2022Q3
35375,NG,2022,4,2950772,663996,1868357,2022Q4
38396,NG,2023,1,3112368,730873,2064341,2023Q1
40649,NG,2023,2,2262652,796375,2233912,2023Q2
42929,NG,2023,3,2679321,872162,2450163,2023Q3
44967,NG,2023,4,1778028,924403,2604156,2023Q4
47134,NG,2024,1,1541797,995455,2780155,2024Q1
49371,NG,2024,2,1382786,1053896,2945263,2024Q2
52220,NG,2024,3,1519882,1120266,3154637,2024Q3
55057,NG,2024,4,1370747,1199622,3358164,2024Q4
58702,NG,2025,1,1485698,1321070,3617439,2025Q1
62476,NG,2025,2,1795940,1426988,3858635,2025Q2
66275,NG,2025,3,2257316,1566257,4155838,2025Q3
69617,NG,2025,4,2323134,1675852,4390741,2025Q4
73899,NG,2026,1,2976967,1794519,4679196,2026Q1
795,NI,2020,1,11968,11994,22629,2020Q1
879,NI,2020,2,14371,13027,24938,2020Q2
933,NI,2020,3,14538,14199,27154,2020Q3
974,NI,2020,4,17003,15418,29300,2020Q4
1001,NI,2021,1,18476,16599,31985,2021Q1
1088,NI,2021,2,19860,17777,34661,2021Q2
1096,NI,2021,3,21155,19173,37810,2021Q3
1154,NI,2021,4,24193,20521,41038,2021Q4
1197,NI,2022,1,25364,22070,45650,2022Q1
1199,NI,2022,2,28397,23648,49548,2022Q2
1210,NI,2022,3,28308,25623,53531,2022Q3
1253,NI,2022,4,30748,27257,57757,2022Q4
1299,NI,2023,1,30026,29185,62301,2023Q1
1315,NI,2023,2,39429,31654,66862,2023Q2
1366,NI,2023,3,31868,34532,72184,2023Q3
1384,NI,2023,4,32177,36414,74672,2023Q4
1390,NI,2024,1,27343,38687,78178,2024Q1
1448,NI,2024,2,39077,40757,82672,2024Q2
1498,NI,2024,3,40868,42781,86787,2024Q3
1541,NI,2024,4,44968,45088,90983,2024Q4
1595,NI,2025,1,39089,48568,95499,2025Q1
1667,NI,2025,2,63020,51062,102999,2025Q2
1734,NI,2025,3,55361,56988,108104,2025Q3
1778,NI,2025,4,70801,63669,115948,2025Q4
1798,NI,2026,1,70205,69807,119942,2026Q1
37237,NL,2020,1,1374704,565841,1467690,2020Q1
40651,NL,2020,2,1546578,601586,1544400,2020Q2
43172,NL,2020,3,1239749,635475,1607196,2020Q3
45924,NL,2020,4,1466610,674883,1691351,2020Q4
48582,NL,2021,1,1568611,713316,1759269,2021Q1
51093,NL,2021,2,1563283,749861,1860790,2021Q2
53170,NL,2021,3,1269696,784623,1955430,2021Q3
55325,NL,2021,4,1606152,829753,2073746,2021Q4
57455,NL,2022,1,1658322,882733,2187182,2022Q1
60745,NL,2022,2,1777091,935479,2354868,2022Q2
63208,NL,2022,3,1558975,980925,2449171,2022Q3
65713,NL,2022,4,1883585,1030070,2556638,2022Q4
68992,NL,2023,1,1980389,1084341,2668226,2023Q1
72420,NL,2023,2,2126697,1152279,2838995,2023Q2
75099,NL,2023,3,1781944,1207142,2951535,2023Q3
78688,NL,2023,4,2112864,1260576,3067901,2023Q4
82428,NL,2024,1,2208366,1323066,3160788,2024Q1
85660,NL,2024,2,2291191,1379494,3301988,2024Q2
89430,NL,2024,3,2019062,1433577,3422888,2024Q3
94264,NL,2024,4,2475081,1507247,3630775,2024Q4
100674,NL,2025,1,2694029,1598457,3840497,2025Q1
106486,NL,2025,2,3054457,1709343,4075915,2025Q2
114258,NL,2025,3,3086059,1848978,4335084,2025Q3
118605,NL,2025,4,3767050,2004425,4589009,2025Q4
136174,NL,2026,1,4823331,2185318,4796752,2026Q1
10634,NO,2020,1,492119,158784,388901,2020Q1
11438,NO,2020,2,476574,167930,408749,2020Q2
12266,NO,2020,3,448652,177872,431402,2020Q3
13051,NO,2020,4,604758,188746,459272,2020Q4
13976,NO,2021,1,569431,199720,481475,2021Q1
14443,NO,2021,2,564099,208052,501190,2021Q2
15060,NO,2021,3,453123,217917,523338,2021Q3
15659,NO,2021,4,610978,229242,552779,2021Q4
16291,NO,2022,1,631629,243764,584075,2022Q1
16911,NO,2022,2,603961,254031,613173,2022Q2
17551,NO,2022,3,566386,265848,639952,2022Q3
18147,NO,2022,4,747501,277634,672240,2022Q4
19103,NO,2023,1,748987,291346,700651,2023Q1
19831,NO,2023,2,703801,303269,726876,2023Q2
20631,NO,2023,3,642390,316860,754896,2023Q3
21526,NO,2023,4,833683,329673,779707,2023Q4
22432,NO,2024,1,813989,345184,816350,2024Q1
23365,NO,2024,2,788819,356682,847229,2024Q2
24157,NO,2024,3,693718,368192,874222,2024Q3
25077,NO,2024,4,885664,382286,904894,2024Q4
26357,NO,2025,1,912421,400613,938874,2025Q1
27414,NO,2025,2,937474,418244,972980,2025Q2
29148,NO,2025,3,877142,444728,1006217,2025Q3
30909,NO,2025,4,1147585,473076,1043253,2025Q4
33669,NO,2026,1,1450334,510054,1099064,2026Q1
5405,NP,2020,1,117579,69284,192760,2020Q1
6057,NP,2020,2,149687,78400,217348,2020Q2
6584,NP,2020,3,172553,88216,246231,2020Q3
6899,NP,2020,4,142345,95260,270339,2020Q4
7227,NP,2021,1,145825,102252,291029,2021Q1
7784,NP,2021,2,210882,114335,327362,2021Q2
8178,NP,2021,3,201290,124669,357994,2021Q3
8329,NP,2021,4,170251,132549,379467,2021Q4
8645,NP,2022,1,227875,145742,414780,2022Q1
9032,NP,2022,2,247035,158461,449820,2022Q2
9206,NP,2022,3,267075,170909,481822,2022Q3
9692,NP,2022,4,258343,185998,512079,2022Q4
10193,NP,2023,1,310397,201873,548100,2023Q1
10664,NP,2023,2,352148,218220,590339,2023Q2
11130,NP,2023,3,374008,236298,635271,2023Q3
11504,NP,2023,4,325184,251049,665756,2023Q4
12044,NP,2024,1,463973,270316,716160,2024Q1
12705,NP,2024,2,520356,287484,774408,2024Q2
13386,NP,2024,3,529652,304290,833006,2024Q3
14026,NP,2024,4,460979,321316,880911,2024Q4
14990,NP,2025,1,629283,345782,947080,2025Q1
15827,NP,2025,2,715879,367938,1018519,2025Q2
16646,NP,2025,3,721751,404480,1095699,2025Q3
17271,NP,2025,4,699418,443160,1158534,2025Q4
18266,NP,2026,1,1050848,486967,1253514,2026Q1
8589,NZ,2020,1,277372,139125,399306,2020Q1
9568,NZ,2020,2,369416,150778,421511,2020Q2
10189,NZ,2020,3,353450,160545,443935,2020Q3
10675,NZ,2020,4,296108,167579,460895,2020Q4
11308,NZ,2021,1,309119,176605,480221,2021Q1
11927,NZ,2021,2,363158,185402,501152,2021Q2
12571,NZ,2021,3,389639,195666,525291,2021Q3
13041,NZ,2021,4,338229,203717,546702,2021Q4
13430,NZ,2022,1,338124,215504,566657,2022Q1
13931,NZ,2022,2,376680,225527,585017,2022Q2
14552,NZ,2022,3,402837,235232,603616,2022Q3
14997,NZ,2022,4,347398,243497,621645,2022Q4
15671,NZ,2023,1,356325,255673,644667,2023Q1
16164,NZ,2023,2,408861,269741,674452,2023Q2
16805,NZ,2023,3,436971,281586,694382,2023Q3
17343,NZ,2023,4,375764,291133,713749,2023Q4
18114,NZ,2024,1,376240,306155,738077,2024Q1
18605,NZ,2024,2,463565,318804,758055,2024Q2
19286,NZ,2024,3,476865,331038,779362,2024Q3
20031,NZ,2024,4,405390,341002,799938,2024Q4
21857,NZ,2025,1,440583,356968,825204,2025Q1
22566,NZ,2025,2,568833,374208,854112,2025Q2
23035,NZ,2025,3,608809,396195,881454,2025Q3
23751,NZ,2025,4,581275,414762,905183,2025Q4
25104,NZ,2026,1,761810,441201,943477,2026Q1
1025,OM,2020,1,3543,13043,12345,2020Q1
1072,OM,2020,2,7683,15458,14427,2020Q2
1118,OM,2020,3,7318,17532,16291,2020Q3
1145,OM,2020,4,9218,19465,18309,2020Q4
1205,OM,2021,1,9798,21397,20669,2021Q1
1243,OM,2021,2,13070,23511,23285,2021Q2
1264,OM,2021,3,11807,25082,25452,2021Q3
1293,OM,2021,4,11965,26662,27841,2021Q4
1325,OM,2022,1,13947,28667,30282,2022Q1
1326,OM,2022,2,13650,30292,32234,2022Q2
1353,OM,2022,3,14397,31897,34737,2022Q3
1394,OM,2022,4,13967,33934,36505,2022Q4
1491,OM,2023,1,18456,36836,39920,2023Q1
1525,OM,2023,2,21716,40126,44049,2023Q2
1585,OM,2023,3,21175,43371,48839,2023Q3
1649,OM,2023,4,17456,46735,52641,2023Q4
1691,OM,2024,1,19694,49545,56799,2024Q1
1776,OM,2024,2,21661,52137,60172,2024Q2
1889,OM,2024,3,25290,54569,65074,2024Q3
1969,OM,2024,4,29830,57824,68959,2024Q4
2021,OM,2025,1,28774,63246,76930,2025Q1
2155,OM,2025,2,58250,67269,84661,2025Q2
2240,OM,2025,3,95111,75011,90718,2025Q3
2352,OM,2025,4,75931,85833,99976,2025Q4
2534,OM,2026,1,95927,95170,128017,2026Q1
1258,PA,2020,1,13276,16613,29377,2020Q1
1388,PA,2020,2,23727,19281,32128,2020Q2
1456,PA,2020,3,24086,21989,34302,2020Q3
1529,PA,2020,4,22122,23850,37015,2020Q4
1562,PA,2021,1,20213,25660,40442,2021Q1
1642,PA,2021,2,24459,27748,44076,2021Q2
1699,PA,2021,3,23748,30008,48104,2021Q3
1738,PA,2021,4,27327,31984,51907,2021Q4
1757,PA,2022,1,25103,33874,55120,2022Q1
1845,PA,2022,2,31027,36336,58142,2022Q2
1866,PA,2022,3,32701,38726,61174,2022Q3
1927,PA,2022,4,35024,40732,65409,2022Q4
2004,PA,2023,1,30762,42862,68460,2023Q1
2064,PA,2023,2,32529,46390,71617,2023Q2
2132,PA,2023,3,35356,49409,74506,2023Q3
2197,PA,2023,4,39027,52219,76807,2023Q4
2250,PA,2024,1,30589,55324,79878,2024Q1
2305,PA,2024,2,35958,58267,83234,2024Q2
2433,PA,2024,3,49630,61514,88954,2024Q3
2541,PA,2024,4,48417,64561,93712,2024Q4
2645,PA,2025,1,35189,69171,96329,2025Q1
2775,PA,2025,2,60293,72784,101402,2025Q2
2891,PA,2025,3,91943,80383,109021,2025Q3
3038,PA,2025,4,103372,88105,116895,2025Q4
3225,PA,2026,1,118515,96375,124124,2026Q1
13009,PE,2020,1,143807,150672,356948,2020Q1
13849,PE,2020,2,240367,171657,391794,2020Q2
14504,PE,2020,3,233350,192328,424103,2020Q3
15137,PE,2020,4,238358,209451,456011,2020Q4
15686,PE,2021,1,232459,224138,485312,2021Q1
16576,PE,2021,2,310773,245458,527124,2021Q2
17069,PE,2021,3,315736,265611,567869,2021Q3
17592,PE,2021,4,352433,282780,609800,2021Q4
17941,PE,2022,1,313282,300996,652580,2022Q1
18766,PE,2022,2,424138,324822,704939,2022Q2
19420,PE,2022,3,399822,347955,753704,2022Q3
20044,PE,2022,4,451841,370239,805264,2022Q4
20705,PE,2023,1,381164,392486,852209,2023Q1
21866,PE,2023,2,514715,425595,913172,2023Q2
22899,PE,2023,3,483580,458398,969559,2023Q3
23659,PE,2023,4,533296,487039,1021424,2023Q4
24498,PE,2024,1,440750,516812,1070001,2024Q1
25546,PE,2024,2,674694,551801,1138879,2024Q2
26998,PE,2024,3,655820,584288,1207493,2024Q3
28381,PE,2024,4,741950,616208,1280517,2024Q4
29623,PE,2025,1,514211,649794,1336842,2025Q1
31494,PE,2025,2,1002776,696140,1439611,2025Q2
33479,PE,2025,3,979677,768686,1540677,2025Q3
35128,PE,2025,4,1279191,841962,1648544,2025Q4
36740,PE,2026,1,1144909,907052,1726117,2026Q1
123,PF,2021,1,2265,1931,3282,2021Q1
134,PF,2021,2,3632,2085,3527,2021Q2
144,PF,2022,1,2857,2468,4357,2022Q1
145,PF,2022,2,2512,2591,4470,2022Q2
164,PF,2023,4,3028,3456,5375,2023Q4
174,PF,2024,1,4414,3652,5703,2024Q1
164,PF,2024,2,4252,3817,5609,2024Q2
179,PF,2024,3,4015,4020,5983,2024Q3
191,PF,2024,4,3776,4233,6419,2024Q4
207,PF,2025,1,3336,4500,6466,2025Q1
232,PF,2025,2,6537,4903,7013,2025Q2
223,PF,2025,3,8034,5187,7189,2025Q3
234,PF,2025,4,5721,5623,7269,2025Q4
243,PF,2026,1,8535,6057,7754,2026Q1
126,PG,2021,1,1065,2539,2331,2021Q1
125,PG,2021,2,1072,2789,2703,2021Q2
128,PG,2021,3,1324,3141,3100,2021Q3
141,PG,2022,3,713,4240,3927,2022Q3
161,PG,2023,2,1629,5667,4908,2023Q2
166,PG,2023,3,1247,6276,5359,2023Q3
170,PG,2023,4,1324,6785,5885,2023Q4
173,PG,2024,1,1383,7547,6130,2024Q1
182,PG,2024,2,1916,8108,6425,2024Q2
190,PG,2024,3,1219,8694,6913,2024Q3
197,PG,2024,4,2379,9451,7592,2024Q4
207,PG,2025,1,3290,10220,8150,2025Q1
232,PG,2025,2,5356,11288,9034,2025Q2
262,PG,2025,3,6201,13309,9803,2025Q3
275,PG,2025,4,6138,14835,10507,2025Q4
285,PG,2026,1,13172,16631,11940,2026Q1
27279,PH,2020,1,317175,413692,630912,2020Q1
50630,PH,2020,2,345923,454544,666922,2020Q2
29924,PH,2020,3,367946,510670,699277,2020Q3
31049,PH,2020,4,395679,563189,749790,2020Q4
32262,PH,2021,1,432585,609581,803452,2021Q1
33629,PH,2021,2,514830,661165,864248,2021Q2
34626,PH,2021,3,517416,741349,934180,2021Q3
35578,PH,2021,4,522972,812769,1010692,2021Q4
36596,PH,2022,1,596866,888133,1092197,2022Q1
37610,PH,2022,2,685061,958242,1173046,2022Q2
38849,PH,2022,3,681845,1037647,1257792,2022Q3
39744,PH,2022,4,845951,1110917,1359892,2022Q4
41837,PH,2023,1,902479,1186364,1470717,2023Q1
43210,PH,2023,2,1022001,1271474,1587882,2023Q2
44632,PH,2023,3,987404,1361430,1693452,2023Q3
46021,PH,2023,4,1233157,1451713,1828669,2023Q4
47899,PH,2024,1,1255395,1569839,1990405,2024Q1
49414,PH,2024,2,1458977,1662514,2145986,2024Q2
51197,PH,2024,3,1294906,1753811,2294458,2024Q3
53415,PH,2024,4,1842947,1860101,2477051,2024Q4
55905,PH,2025,1,1891171,1992946,2703045,2025Q1
57898,PH,2025,2,2454708,2114431,2936235,2025Q2
60336,PH,2025,3,2361349,2325301,3174668,2025Q3
62407,PH,2025,4,3152750,2560029,3436320,2025Q4
67164,PH,2026,1,3791312,2815527,3767492,2026Q1
25107,PK,2020,1,235987,317224,512056,2020Q1
26451,PK,2020,2,389032,354073,595155,2020Q2
27732,PK,2020,3,380776,388897,668520,2020Q3
29026,PK,2020,4,389724,428915,745658,2020Q4
30787,PK,2021,1,392588,470394,830786,2021Q1
32214,PK,2021,2,469927,510612,924528,2021Q2
33275,PK,2021,3,493800,553975,1031320,2021Q3
34351,PK,2021,4,517595,600696,1138889,2021Q4
35496,PK,2022,1,570533,656514,1263518,2022Q1
36401,PK,2022,2,582099,708296,1368187,2022Q2
37814,PK,2022,3,755331,775221,1512350,2022Q3
39175,PK,2022,4,732949,844030,1635435,2022Q4
40955,PK,2023,1,839263,924871,1785461,2023Q1
42508,PK,2023,2,895306,1004140,1926158,2023Q2
44383,PK,2023,3,1139050,1105725,2131369,2023Q3
46453,PK,2023,4,1121678,1192511,2319095,2023Q4
48516,PK,2024,1,1323587,1303816,2561628,2024Q1
50508,PK,2024,2,1331617,1382291,2787500,2024Q2
53087,PK,2024,3,1716373,1476999,3085371,2024Q3
61543,PK,2024,4,1730917,1586524,3362084,2024Q4
69824,PK,2025,1,1872816,1718562,3654154,2025Q1
67615,PK,2025,2,2157303,1836325,3966951,2025Q2
69217,PK,2025,3,2770560,2053465,4358373,2025Q3
71230,PK,2025,4,2870837,2281650,4736565,2025Q4
74034,PK,2026,1,3523185,2497496,5148998,2026Q1
30583,PL,2020,1,1408309,531465,1490080,2020Q1
33214,PL,2020,2,1631123,571515,1597433,2020Q2
34730,PL,2020,3,1221564,600202,1671074,2020Q3
36962,PL,2020,4,1466290,645840,1763313,2020Q4
39271,PL,2021,1,1594133,687888,1866607,2021Q1
41676,PL,2021,2,1661001,724435,1975874,2021Q2
43449,PL,2021,3,1243129,756585,2055354,2021Q3
45769,PL,2021,4,1562846,804421,2171844,2021Q4
48097,PL,2022,1,1751941,873922,2328402,2022Q1
50579,PL,2022,2,1971422,935738,2520467,2022Q2
53063,PL,2022,3,1730310,981895,2648128,2022Q3
55618,PL,2022,4,2154448,1048914,2806569,2022Q4
58988,PL,2023,1,2421667,1109622,2974963,2023Q1
61926,PL,2023,2,2514210,1171106,3152082,2023Q2
64913,PL,2023,3,2024296,1219463,3266321,2023Q3
68091,PL,2023,4,2380360,1283028,3407545,2023Q4
71542,PL,2024,1,2507171,1355588,3560875,2024Q1
74164,PL,2024,2,2480418,1412356,3696050,2024Q2
77301,PL,2024,3,2016290,1458937,3813056,2024Q3
81317,PL,2024,4,2400039,1526119,3954144,2024Q4
85811,PL,2025,1,2601274,1609020,4121309,2025Q1
91673,PL,2025,2,3174397,1712812,4270341,2025Q2
97449,PL,2025,3,2705395,1810496,4423530,2025Q3
101085,PL,2025,4,3942661,1934464,4590065,2025Q4
108110,PL,2026,1,5637938,2074728,4757525,2026Q1
1070,PR,2020,1,14099,18720,30415,2020Q1
1141,PR,2020,2,21310,20855,33273,2020Q2
1241,PR,2020,3,23784,23145,35713,2020Q3
1282,PR,2020,4,24750,24702,37262,2020Q4
1379,PR,2021,1,35587,26420,41843,2021Q1
1406,PR,2021,2,34627,27729,42876,2021Q2
1453,PR,2021,3,30130,29095,46369,2021Q3
1501,PR,2021,4,32304,30381,48343,2021Q4
1624,PR,2022,1,41938,32410,53153,2022Q1
1651,PR,2022,2,44447,33975,55729,2022Q2
1668,PR,2022,3,35541,35288,54153,2022Q3
1727,PR,2022,4,34057,36573,58715,2022Q4
1887,PR,2023,1,46555,38743,63274,2023Q1
1920,PR,2023,2,45422,40949,64699,2023Q2
1936,PR,2023,3,39654,43090,66267,2023Q3
2022,PR,2023,4,87131,44967,70511,2023Q4
2093,PR,2024,1,94997,48028,73752,2024Q1
2144,PR,2024,2,81059,50147,77411,2024Q2
2243,PR,2024,3,57995,52208,77429,2024Q3
2393,PR,2024,4,66346,54818,82763,2024Q4
2513,PR,2025,1,65398,58757,87245,2025Q1
2603,PR,2025,2,66019,60784,89376,2025Q2
2699,PR,2025,3,63692,65125,94065,2025Q3
2776,PR,2025,4,78579,70124,98021,2025Q4
3018,PR,2026,1,124031,76405,105095,2026Q1
2611,PS,2020,1,27612,26794,43182,2020Q1
2707,PS,2020,2,29632,28952,48346,2020Q2
2833,PS,2020,3,35346,31018,51097,2020Q3
2941,PS,2020,4,40593,33695,57281,2020Q4
3026,PS,2021,1,38884,36469,64286,2021Q1
3181,PS,2021,2,38130,38870,70423,2021Q2
3264,PS,2021,3,40347,41627,77342,2021Q3
3304,PS,2021,4,35276,45008,83999,2021Q4
3354,PS,2022,1,54033,47974,92845,2022Q1
3433,PS,2022,2,60459,51154,102929,2022Q2
3546,PS,2022,3,71732,54233,113430,2022Q3
3608,PS,2022,4,63894,57692,123711,2022Q4
3802,PS,2023,1,74232,61158,132659,2023Q1
3973,PS,2023,2,88000,65493,143966,2023Q2
4172,PS,2023,3,108901,70097,158435,2023Q3
4219,PS,2023,4,54045,72323,164589,2023Q4
4275,PS,2024,1,51855,74416,167811,2024Q1
4260,PS,2024,2,57283,75862,165905,2024Q2
4357,PS,2024,3,70445,77821,172928,2024Q3
4500,PS,2024,4,69013,81151,182533,2024Q4
4697,PS,2025,1,71716,85493,189866,2025Q1
5057,PS,2025,2,125992,89136,203066,2025Q2
5211,PS,2025,3,112195,95772,217115,2025Q3
5462,PS,2025,4,133015,103770,229318,2025Q4
5686,PS,2026,1,165725,112567,244383,2026Q1
10010,PT,2020,1,346515,170627,411307,2020Q1
11214,PT,2020,2,440526,186497,446308,2020Q2
11959,PT,2020,3,330957,196981,474107,2020Q3
12869,PT,2020,4,409448,212849,510777,2020Q4
13885,PT,2021,1,486211,230441,546763,2021Q1
14686,PT,2021,2,490560,244058,580698,2021Q2
15253,PT,2021,3,362279,255721,611795,2021Q3
16162,PT,2021,4,456143,272555,661508,2021Q4
17005,PT,2022,1,543137,294153,708388,2022Q1
18156,PT,2022,2,611486,313220,778310,2022Q2
19038,PT,2022,3,526546,328969,826823,2022Q3
20183,PT,2022,4,642495,349169,886006,2022Q4
21566,PT,2023,1,725897,369878,939959,2023Q1
22907,PT,2023,2,764425,391499,998680,2023Q2
23943,PT,2023,3,649681,410464,1047779,2023Q3
25360,PT,2023,4,762337,432749,1108126,2023Q4
26726,PT,2024,1,804451,459891,1153737,2024Q1
27919,PT,2024,2,879992,481092,1212264,2024Q2
29207,PT,2024,3,707375,500309,1250674,2024Q3
30847,PT,2024,4,842796,525350,1302268,2024Q4
32804,PT,2025,1,922961,557653,1363102,2025Q1
34668,PT,2025,2,1076614,590499,1422387,2025Q2
36222,PT,2025,3,953224,629537,1476669,2025Q3
38032,PT,2025,4,1226104,680323,1542206,2025Q4
41718,PT,2026,1,1630799,740488,1614258,2026Q1
956,PY,2020,1,16034,14587,29848,2020Q1
1069,PY,2020,2,20847,16423,32439,2020Q2
1162,PY,2020,3,19244,18266,35277,2020Q3
1212,PY,2020,4,20960,19601,38083,2020Q4
1259,PY,2021,1,19632,20979,40556,2021Q1
1320,PY,2021,2,21381,22533,43505,2021Q2
1386,PY,2021,3,27724,24419,47050,2021Q3
1404,PY,2021,4,21878,25813,49690,2021Q4
1456,PY,2022,1,25539,27600,53735,2022Q1
1509,PY,2022,2,30922,29716,57150,2022Q2
1565,PY,2022,3,33368,32080,60167,2022Q3
1603,PY,2022,4,38690,34260,64814,2022Q4
1651,PY,2023,1,38673,36625,70083,2023Q1
1751,PY,2023,2,43394,40241,77151,2023Q2
1845,PY,2023,3,45369,43591,83107,2023Q3
1902,PY,2023,4,44061,46377,83370,2023Q4
1969,PY,2024,1,44066,49909,89561,2024Q1
2060,PY,2024,2,58137,53251,100312,2024Q2
2183,PY,2024,3,59108,56626,109095,2024Q3
2289,PY,2024,4,66239,59782,120570,2024Q4
2455,PY,2025,1,54104,64639,126185,2025Q1
2581,PY,2025,2,82895,68412,133275,2025Q2
2690,PY,2025,3,92952,76499,141756,2025Q3
2866,PY,2025,4,105017,84731,153039,2025Q4
3095,PY,2026,1,144533,93779,163202,2026Q1
1404,QA,2020,1,7506,18205,25327,2020Q1
1478,QA,2020,2,12480,20945,27326,2020Q2
1558,QA,2020,3,12568,23459,29224,2020Q3
1609,QA,2020,4,14451,25563,31131,2020Q4
1647,QA,2021,1,15939,27575,33866,2021Q1
1719,QA,2021,2,18794,29582,36209,2021Q2
1755,QA,2021,3,16763,31276,38527,2021Q3
1793,QA,2021,4,15674,33126,42655,2021Q4
1828,QA,2022,1,19455,35774,46302,2022Q1
1882,QA,2022,2,20449,37690,48865,2022Q2
1952,QA,2022,3,20274,39829,52997,2022Q3
1988,QA,2022,4,18933,42448,57459,2022Q4
2083,QA,2023,1,21046,45922,60216,2023Q1
2156,QA,2023,2,23776,49462,63519,2023Q2
2208,QA,2023,3,32957,52895,67812,2023Q3
2307,QA,2023,4,31392,56207,72343,2023Q4
2470,QA,2024,1,32340,60116,80603,2024Q1
2520,QA,2024,2,33717,63027,86313,2024Q2
2615,QA,2024,3,33077,66102,90597,2024Q3
2805,QA,2024,4,33741,69705,97116,2024Q4
2971,QA,2025,1,47740,76150,105517,2025Q1
3094,QA,2025,2,60331,80175,117171,2025Q2
3245,QA,2025,3,65050,88461,128902,2025Q3
3487,QA,2025,4,83751,98357,140080,2025Q4
3739,QA,2026,1,131265,109057,158368,2026Q1
369,RE,2020,1,7849,5871,9648,2020Q1
406,RE,2020,2,9494,6499,10455,2020Q2
437,RE,2020,3,11152,7139,11364,2020Q3
466,RE,2020,4,13423,7596,12484,2020Q4
505,RE,2021,1,13773,8239,14311,2021Q1
522,RE,2021,2,13626,8772,15391,2021Q2
537,RE,2021,3,13743,9345,16705,2021Q3
549,RE,2021,4,10713,9640,16662,2021Q4
555,RE,2022,1,15254,10267,18656,2022Q1
575,RE,2022,2,14263,10757,19600,2022Q2
605,RE,2022,3,13695,11194,19857,2022Q3
618,RE,2022,4,13780,11670,20746,2022Q4
653,RE,2023,1,17106,12283,21932,2023Q1
685,RE,2023,2,17896,12977,22195,2023Q2
716,RE,2023,3,18585,13570,22621,2023Q3
725,RE,2023,4,17454,14214,23052,2023Q4
754,RE,2024,1,16298,15190,24347,2024Q1
777,RE,2024,2,14695,15796,24918,2024Q2
808,RE,2024,3,15640,16506,26046,2024Q3
793,RE,2024,4,15912,17117,26181,2024Q4
854,RE,2025,1,20289,18192,27348,2025Q1
907,RE,2025,2,22076,19262,27989,2025Q2
925,RE,2025,3,24366,20702,31154,2025Q3
985,RE,2025,4,35253,22269,31477,2025Q4
1049,RE,2026,1,44971,24175,33617,2026Q1
12720,RO,2020,1,362749,216516,440201,2020Q1
13830,RO,2020,2,458279,235652,478016,2020Q2
14718,RO,2020,3,336588,249973,504541,2020Q3
15601,RO,2020,4,399255,270853,539489,2020Q4
16028,RO,2021,1,439880,291342,583173,2021Q1
17046,RO,2021,2,477095,307215,621278,2021Q2
17838,RO,2021,3,363101,321946,651680,2021Q3
18519,RO,2021,4,461799,341462,693017,2021Q4
19231,RO,2022,1,484124,366434,746518,2022Q1
19752,RO,2022,2,520472,387083,793246,2022Q2
20442,RO,2022,3,442402,404462,830518,2022Q3
21456,RO,2022,4,528229,425122,876845,2022Q4
22638,RO,2023,1,597027,444800,921233,2023Q1
23502,RO,2023,2,638842,465336,971657,2023Q2
24353,RO,2023,3,496944,481867,1004516,2023Q3
25389,RO,2023,4,571019,502831,1044097,2023Q4
26727,RO,2024,1,654273,530143,1101206,2024Q1
27472,RO,2024,2,662384,548585,1146293,2024Q2
28737,RO,2024,3,544158,565410,1192616,2024Q3
29900,RO,2024,4,600440,589523,1235996,2024Q4
31414,RO,2025,1,700918,623074,1296037,2025Q1
32360,RO,2025,2,815342,650398,1339849,2025Q2
33423,RO,2025,3,711194,686205,1385384,2025Q3
34701,RO,2025,4,892717,734669,1442252,2025Q4
37484,RO,2026,1,1254938,795527,1538575,2026Q1
4890,RS,2020,1,174429,96769,204625,2020Q1
5264,RS,2020,2,200770,103646,219118,2020Q2
5615,RS,2020,3,164226,109737,233366,2020Q3
5918,RS,2020,4,181758,117828,249462,2020Q4
6274,RS,2021,1,202837,125527,264888,2021Q1
6523,RS,2021,2,203567,132378,281167,2021Q2
6791,RS,2021,3,179340,139109,299526,2021Q3
7237,RS,2021,4,209342,148494,323279,2021Q4
7454,RS,2022,1,229680,156374,335271,2022Q1
7908,RS,2022,2,278401,164898,363085,2022Q2
8235,RS,2022,3,247168,173622,387860,2022Q3
8853,RS,2022,4,295750,185608,426393,2022Q4
9352,RS,2023,1,335690,194954,455200,2023Q1
9909,RS,2023,2,330865,205208,484992,2023Q2
10450,RS,2023,3,300533,215144,514267,2023Q3
11023,RS,2023,4,314534,224194,535766,2023Q4
11595,RS,2024,1,353292,233915,558444,2024Q1
12004,RS,2024,2,345185,242554,579029,2024Q2
12579,RS,2024,3,322783,248951,593351,2024Q3
13314,RS,2024,4,343646,256977,607458,2024Q4
14189,RS,2025,1,350686,268158,627849,2025Q1
14415,RS,2025,2,396931,277397,646645,2025Q2
15107,RS,2025,3,420235,290242,664374,2025Q3
15591,RS,2025,4,482028,306091,686232,2025Q4
16442,RS,2026,1,617709,325368,711977,2026Q1
67061,RU,2020,1,2763720,1283298,3057681,2020Q1
71851,RU,2020,2,3453560,1402697,3351449,2020Q2
75454,RU,2020,3,2959671,1518924,3589415,2020Q3
79397,RU,2020,4,3652708,1647055,3899588,2020Q4
83812,RU,2021,1,3633785,1762587,4204548,2021Q1
88276,RU,2021,2,3934453,1867985,4532045,2021Q2
92144,RU,2021,3,3605769,1986086,4839936,2021Q3
95789,RU,2021,4,4527452,2130228,5226931,2021Q4
99253,RU,2022,1,4327541,2312304,5636394,2022Q1
98026,RU,2022,2,4715210,2427801,5724529,2022Q2
100670,RU,2022,3,4354476,2542465,6035245,2022Q3
99557,RU,2022,4,4993859,2653716,6214574,2022Q4
102270,RU,2023,1,4877013,2790032,6561447,2023Q1
105623,RU,2023,2,5097607,2926677,6961724,2023Q2
109616,RU,2023,3,4195416,3060711,7294201,2023Q3
113672,RU,2023,4,4944717,3209599,7699652,2023Q4
117276,RU,2024,1,4529068,3404378,8047268,2024Q1
120614,RU,2024,2,4860731,3546635,8387510,2024Q2
123548,RU,2024,3,3916673,3664948,8583507,2024Q3
123761,RU,2024,4,4917675,3819579,8729399,2024Q4
126265,RU,2025,1,4476131,3962314,8885108,2025Q1
128831,RU,2025,2,4979807,4097212,9080583,2025Q2
129631,RU,2025,3,4012314,4273520,9148430,2025Q3
131843,RU,2025,4,5428018,4490870,9458313,2025Q4
132349,RU,2026,1,5343534,4627668,9538404,2026Q1
797,RW,2020,1,34849,9848,29708,2020Q1
919,RW,2020,2,28769,10680,32863,2020Q2
999,RW,2020,3,37919,11636,36151,2020Q3
1102,RW,2020,4,46989,12597,40447,2020Q4
1204,RW,2021,1,42271,13414,45118,2021Q1
1302,RW,2021,2,42239,14468,50415,2021Q2
1374,RW,2021,3,42187,15679,55863,2021Q3
1458,RW,2021,4,41667,16831,61139,2021Q4
1564,RW,2022,1,80423,18261,70386,2022Q1
1661,RW,2022,2,107102,20011,79343,2022Q2
1752,RW,2022,3,106998,21625,86789,2022Q3
1876,RW,2022,4,110074,23360,97821,2022Q4
2037,RW,2023,1,245360,26313,110854,2023Q1
2254,RW,2023,2,195494,29619,125402,2023Q2
2399,RW,2023,3,193751,31819,138513,2023Q3
2532,RW,2023,4,155115,34422,150338,2023Q4
2754,RW,2024,1,198178,39128,173161,2024Q1
3072,RW,2024,2,202795,42631,195496,2024Q2
3316,RW,2024,3,182176,45978,210414,2024Q3
3432,RW,2024,4,196022,50032,226980,2024Q4
3744,RW,2025,1,228260,55098,249266,2025Q1
4096,RW,2025,2,237517,61638,282487,2025Q2
4428,RW,2025,3,246657,69137,308705,2025Q3
4751,RW,2025,4,270617,78206,335479,2025Q4
5165,RW,2026,1,327960,87857,371408,2026Q1
17713,SA,2020,1,65778,166866,198009,2020Q1
18458,SA,2020,2,96502,191828,219683,2020Q2
18980,SA,2020,3,108717,213878,239152,2020Q3
19506,SA,2020,4,103109,234329,257700,2020Q4
20055,SA,2021,1,105061,255614,280388,2021Q1
20521,SA,2021,2,118059,273934,302330,2021Q2
20939,SA,2021,3,131032,294430,330600,2021Q3
21415,SA,2021,4,191555,314763,374531,2021Q4
21914,SA,2022,1,140846,336367,408886,2022Q1
22237,SA,2022,2,140966,356148,437859,2022Q2
22741,SA,2022,3,173119,378763,470437,2022Q3
23204,SA,2022,4,158176,400801,506508,2022Q4
24244,SA,2023,1,179233,426067,540141,2023Q1
24771,SA,2023,2,168766,452266,573244,2023Q2
25298,SA,2023,3,231652,481930,606650,2023Q3
26037,SA,2023,4,235721,510284,650118,2023Q4
26743,SA,2024,1,207126,546224,691744,2024Q1
27308,SA,2024,2,210268,569919,731931,2024Q2
27906,SA,2024,3,237678,596230,776189,2024Q3
28777,SA,2024,4,271868,630310,830352,2024Q4
29832,SA,2025,1,292825,671395,894354,2025Q1
30643,SA,2025,2,451773,721658,956817,2025Q2
31574,SA,2025,3,545006,803391,1033742,2025Q3
32602,SA,2025,4,734532,901427,1129561,2025Q4
34065,SA,2026,1,1007831,988061,1229146,2026Q1
117,SC,2022,1,4293,2065,7481,2022Q1
137,SC,2022,2,5920,2526,11472,2022Q2
173,SC,2022,3,7124,3544,18900,2022Q3
231,SC,2022,4,7250,4116,24797,2022Q4
257,SC,2023,1,6314,4711,27625,2023Q1
312,SC,2023,2,11079,7290,30889,2023Q2
291,SC,2023,3,6896,7112,25291,2023Q3
184,SC,2023,4,2244,6005,13995,2023Q4
191,SC,2024,1,3796,6780,12544,2024Q1
211,SC,2024,2,1674,7241,13610,2024Q2
237,SC,2024,3,3928,7984,19853,2024Q3
306,SC,2024,4,10725,8441,18531,2024Q4
219,SC,2025,1,12078,9309,16666,2025Q1
308,SC,2025,2,17072,9739,19778,2025Q2
452,SC,2025,3,28761,15249,41194,2025Q3
929,SC,2025,4,27493,21288,53393,2025Q4
907,SC,2026,1,33057,26777,67003,2026Q1
1013,SD,2020,1,5482,11010,12908,2020Q1
1070,SD,2020,2,7599,12353,14497,2020Q2
1093,SD,2020,3,7717,13543,15769,2020Q3
1173,SD,2020,4,8964,15434,17514,2020Q4
1229,SD,2021,1,9786,16853,19983,2021Q1
1290,SD,2021,2,8723,18265,22140,2021Q2
1345,SD,2021,3,9902,19939,24584,2021Q3
1343,SD,2021,4,7191,21177,25708,2021Q4
1392,SD,2022,1,14414,22924,28682,2022Q1
1425,SD,2022,2,13259,24321,30106,2022Q2
1427,SD,2022,3,19338,26463,33028,2022Q3
1448,SD,2022,4,56701,28745,36180,2022Q4
1521,SD,2023,1,39229,30819,38791,2023Q1
1473,SD,2023,2,12295,31327,37680,2023Q2
1394,SD,2023,3,88450,32219,37069,2023Q3
1347,SD,2023,4,40485,32549,36000,2023Q4
1290,SD,2024,1,14865,32488,33941,2024Q1
1235,SD,2024,2,13943,32501,32417,2024Q2
1218,SD,2024,3,13668,32824,32081,2024Q3
1222,SD,2024,4,8831,33450,32044,2024Q4
1195,SD,2025,1,11024,34532,32645,2025Q1
1193,SD,2025,2,13858,35794,34189,2025Q2
1198,SD,2025,3,19579,39846,36765,2025Q3
1215,SD,2025,4,27156,45023,39640,2025Q4
1252,SD,2026,1,36558,49732,43583,2026Q1
21321,SE,2020,1,829993,321505,863354,2020Q1
23051,SE,2020,2,888822,339616,904517,2020Q2
24198,SE,2020,3,732946,358195,946551,2020Q3
25744,SE,2020,4,992488,378992,1006645,2020Q4
27324,SE,2021,1,991082,398837,1059310,2021Q1
28263,SE,2021,2,1004178,415782,1110180,2021Q2
29152,SE,2021,3,744413,433647,1151632,2021Q3
30463,SE,2021,4,1037743,456674,1222503,2021Q4
32090,SE,2022,1,1082739,485345,1296808,2022Q1
33415,SE,2022,2,1061068,509831,1367002,2022Q2
34475,SE,2022,3,886784,532188,1418705,2022Q3
35906,SE,2022,4,1246058,558592,1494639,2022Q4
37459,SE,2023,1,1257381,585385,1547989,2023Q1
38923,SE,2023,2,1155814,610668,1607868,2023Q2
40217,SE,2023,3,967773,636330,1658205,2023Q3
41901,SE,2023,4,1359177,665114,1743369,2023Q4
43795,SE,2024,1,1351432,699608,1802290,2024Q1
45450,SE,2024,2,1301670,729456,1866989,2024Q2
46904,SE,2024,3,1073768,752930,1918946,2024Q3
49375,SE,2024,4,1488635,784016,2007370,2024Q4
52023,SE,2025,1,1500615,822949,2079189,2025Q1
54333,SE,2025,2,1569948,859715,2146647,2025Q2
56414,SE,2025,3,1422011,906885,2214416,2025Q3
59026,SE,2025,4,1906740,962139,2299314,2025Q4
62752,SE,2026,1,2393232,1029024,2375946,2026Q1
18774,SG,2020,1,581488,302591,941289,2020Q1
20350,SG,2020,2,731619,330375,983324,2020Q2
23622,SG,2020,3,737130,371132,1302261,2020Q3
25205,SG,2020,4,826881,402074,1446772,2020Q4
25972,SG,2021,1,768070,429261,1360373,2021Q1
29498,SG,2021,2,953241,477580,1624474,2021Q2
31313,SG,2021,3,1004287,518833,1743153,2021Q3
33286,SG,2021,4,1118045,562951,1908542,2021Q4
35778,SG,2022,1,1109691,615939,2188944,2022Q1
38752,SG,2022,2,1188460,672124,2461305,2022Q2
41317,SG,2022,3,1282716,724785,2702865,2022Q3
43248,SG,2022,4,1393516,774024,2819829,2022Q4
48392,SG,2023,1,1586113,850023,3117202,2023Q1
50464,SG,2023,2,1588070,943281,3412276,2023Q2
54365,SG,2023,3,1586866,1020658,3763407,2023Q3
57862,SG,2023,4,1697660,1091989,4014239,2023Q4
62038,SG,2024,1,1598360,1180464,4328047,2024Q1
65665,SG,2024,2,1685923,1235877,4478606,2024Q2
70105,SG,2024,3,1746005,1311862,4726456,2024Q3
74550,SG,2024,4,1991740,1398636,4971011,2024Q4
82639,SG,2025,1,2073685,1524913,5670514,2025Q1
86398,SG,2025,2,2207584,1629902,5914037,2025Q2
96658,SG,2025,3,2619537,1794116,6426653,2025Q3
98913,SG,2025,4,2875764,1944204,6719641,2025Q4
107478,SG,2026,1,4122524,2170580,7263486,2026Q1
2063,SI,2020,1,73591,38214,89653,2020Q1
2270,SI,2020,2,85742,40710,94129,2020Q2
2420,SI,2020,3,71134,42549,98185,2020Q3
2626,SI,2020,4,88815,45506,103424,2020Q4
2728,SI,2021,1,88816,47992,107980,2021Q1
2853,SI,2021,2,83214,50093,113060,2021Q2
2954,SI,2021,3,72421,51881,118470,2021Q3
3143,SI,2021,4,96132,54561,123444,2021Q4
3281,SI,2022,1,108277,58230,130730,2022Q1
3423,SI,2022,2,101532,60983,137169,2022Q2
3582,SI,2022,3,85849,62948,141506,2022Q3
3792,SI,2022,4,108064,65814,146711,2022Q4
4029,SI,2023,1,121568,68774,152320,2023Q1
4170,SI,2023,2,129382,72020,157732,2023Q2
4316,SI,2023,3,110169,74300,163091,2023Q3
4557,SI,2023,4,116943,77396,167271,2023Q4
4832,SI,2024,1,125028,80949,173981,2024Q1
4997,SI,2024,2,130291,83423,179233,2024Q2
5141,SI,2024,3,109898,85725,184028,2024Q3
5476,SI,2024,4,131482,89466,191785,2024Q4
5785,SI,2025,1,143464,95306,200348,2025Q1
6053,SI,2025,2,165049,98155,206271,2025Q2
6204,SI,2025,3,148893,102504,210794,2025Q3
6595,SI,2025,4,187675,109273,221072,2025Q4
6998,SI,2026,1,237852,117306,230010,2026Q1
3385,SK,2020,1,98778,55554,115715,2020Q1
3727,SK,2020,2,134417,60596,126624,2020Q2
3943,SK,2020,3,95824,64339,133807,2020Q3
4158,SK,2020,4,132705,69384,140388,2020Q4
4491,SK,2021,1,145712,74875,150721,2021Q1
4672,SK,2021,2,143030,78489,157765,2021Q2
4873,SK,2021,3,122496,82378,165633,2021Q3
5056,SK,2021,4,150122,86324,173032,2021Q4
5178,SK,2022,1,154874,92645,183171,2022Q1
5390,SK,2022,2,160297,97625,195805,2022Q2
5607,SK,2022,3,143905,102527,207211,2022Q3
5758,SK,2022,4,179116,107129,213059,2022Q4
6050,SK,2023,1,199688,113578,227207,2023Q1
6364,SK,2023,2,196163,119251,237304,2023Q2
6658,SK,2023,3,164195,124732,243926,2023Q3
6947,SK,2023,4,193278,130512,253280,2023Q4
7242,SK,2024,1,192957,137731,264518,2024Q1
7388,SK,2024,2,207167,142443,274234,2024Q2
7800,SK,2024,3,167086,147801,285213,2024Q3
8504,SK,2024,4,212144,154214,293919,2024Q4
9280,SK,2025,1,232658,165103,310198,2025Q1
9676,SK,2025,2,248285,172001,322756,2025Q2
9762,SK,2025,3,242674,182138,335269,2025Q3
10108,SK,2025,4,306518,196050,348279,2025Q4
10885,SK,2026,1,418988,212894,365227,2026Q1
174,SL,2020,1,704,1800,2377,2020Q1
181,SL,2020,2,1115,2060,2608,2020Q2
198,SL,2020,3,2112,2427,3190,2020Q3
210,SL,2020,4,2305,2682,3751,2020Q4
230,SL,2021,1,2178,2964,4422,2021Q1
237,SL,2021,2,2460,3195,4801,2021Q2
247,SL,2021,3,3688,3413,5410,2021Q3
252,SL,2021,4,3387,3674,5970,2021Q4
259,SL,2022,1,6042,4123,6825,2022Q1
271,SL,2022,2,8787,4536,7758,2022Q2
291,SL,2022,3,9489,4972,8693,2022Q3
300,SL,2022,4,7693,5419,9666,2022Q4
326,SL,2023,1,10006,5887,10491,2023Q1
335,SL,2023,2,5276,6232,11312,2023Q2
362,SL,2023,3,12350,6726,12260,2023Q3
353,SL,2023,4,5579,7162,12941,2023Q4
374,SL,2024,1,5119,7573,13578,2024Q1
399,SL,2024,2,4245,8009,14619,2024Q2
430,SL,2024,3,6037,8526,15763,2024Q3
440,SL,2024,4,5669,9138,16667,2024Q4
478,SL,2025,1,6890,10164,17927,2025Q1
493,SL,2025,2,9138,11359,19601,2025Q2
526,SL,2025,3,10721,13328,21922,2025Q3
544,SL,2025,4,15754,15066,24279,2025Q4
572,SL,2026,1,17000,16670,26058,2026Q1
1401,SN,2020,1,13000,13736,29827,2020Q1
1475,SN,2020,2,18893,15320,34013,2020Q2
1530,SN,2020,3,15157,16619,37535,2020Q3
1614,SN,2020,4,15538,17895,41368,2020Q4
1734,SN,2021,1,21877,20184,47579,2021Q1
1821,SN,2021,2,23025,22120,52371,2021Q2
1870,SN,2021,3,23547,23610,57898,2021Q3
1932,SN,2021,4,28178,25249,62701,2021Q4
2004,SN,2022,1,31979,27345,69398,2022Q1
2051,SN,2022,2,39129,29338,74807,2022Q2
2107,SN,2022,3,46679,31016,81742,2022Q3
2169,SN,2022,4,34313,33067,86528,2022Q4
2264,SN,2023,1,52875,35984,94319,2023Q1
2330,SN,2023,2,38024,38223,100533,2023Q2
2429,SN,2023,3,43573,40195,107220,2023Q3
2484,SN,2023,4,43932,42700,114806,2023Q4
2565,SN,2024,1,50061,45896,124265,2024Q1
2677,SN,2024,2,51480,48703,134568,2024Q2
2787,SN,2024,3,56042,51413,145629,2024Q3
2946,SN,2024,4,55488,54914,156309,2024Q4
3170,SN,2025,1,70967,61855,171788,2025Q1
3342,SN,2025,2,102288,66599,187728,2025Q2
3598,SN,2025,3,99604,74825,203343,2025Q3
3812,SN,2025,4,131627,82190,218495,2025Q4
4154,SN,2026,1,185592,91364,243084,2026Q1
528,SO,2020,1,1338,5156,4645,2020Q1
535,SO,2020,2,1993,5851,5179,2020Q2
561,SO,2020,3,1962,6727,6295,2020Q3
575,SO,2020,4,2826,7784,7304,2020Q4
635,SO,2021,1,3075,9412,8724,2021Q1
649,SO,2021,2,3420,10368,9847,2021Q2
684,SO,2021,3,4482,11417,11593,2021Q3
747,SO,2021,4,6066,12736,13836,2021Q4
757,SO,2022,1,9189,14424,16780,2022Q1
793,SO,2022,2,12772,15680,19416,2022Q2
844,SO,2022,3,13253,17145,21704,2022Q3
862,SO,2022,4,17808,18836,25855,2022Q4
941,SO,2023,1,21498,20479,29739,2023Q1
972,SO,2023,2,18154,21904,32098,2023Q2
1010,SO,2023,3,24349,23560,35942,2023Q3
1084,SO,2023,4,17878,29856,41681,2023Q4
1120,SO,2024,1,18116,32447,45768,2024Q1
1157,SO,2024,2,14423,34508,49100,2024Q2
1249,SO,2024,3,19826,37522,54394,2024Q3
1356,SO,2024,4,25231,40871,60990,2024Q4
1466,SO,2025,1,25932,44356,67677,2025Q1
1579,SO,2025,2,33872,48222,75259,2025Q2
1597,SO,2025,3,38444,55069,84095,2025Q3
1651,SO,2025,4,47097,64612,93902,2025Q4
1782,SO,2026,1,64545,72309,105082,2026Q1
174,SR,2022,1,2346,3176,3406,2022Q1
180,SR,2022,2,2346,3386,3584,2022Q2
180,SR,2022,3,2454,3560,4005,2022Q3
187,SR,2022,4,2319,3723,4176,2022Q4
190,SR,2023,1,3038,4018,4450,2023Q1
202,SR,2023,2,2591,4330,4661,2023Q2
203,SR,2023,3,2605,4591,4851,2023Q3
211,SR,2023,4,2682,4847,4980,2023Q4
215,SR,2024,1,2738,5142,5162,2024Q1
219,SR,2024,2,2444,5439,5389,2024Q2
219,SR,2024,3,2869,5672,5461,2024Q3
223,SR,2024,4,3124,5962,5584,2024Q4
228,SR,2025,1,2483,6599,5915,2025Q1
242,SR,2025,2,3489,7140,6277,2025Q2
258,SR,2025,3,4708,7424,6580,2025Q3
265,SR,2025,4,4650,8082,6953,2025Q4
284,SR,2026,1,5809,8887,7373,2026Q1
103,SS,2025,1,1461,3697,5603,2025Q1
117,SS,2025,2,3403,4227,6882,2025Q2
130,SS,2025,3,5092,5317,8519,2025Q3
135,SS,2025,4,8579,6142,9713,2025Q4
148,SS,2026,1,10487,7034,10791,2026Q1
1673,SV,2020,1,29501,25900,58900,2020Q1
1840,SV,2020,2,52139,28753,65843,2020Q2
1951,SV,2020,3,49194,31981,71855,2020Q3
2061,SV,2020,4,48340,34310,77917,2020Q4
2158,SV,2021,1,40298,36341,83776,2021Q1
2253,SV,2021,2,52919,38979,90680,2021Q2
2345,SV,2021,3,50699,41978,99254,2021Q3
2403,SV,2021,4,53703,44261,107132,2021Q4
2463,SV,2022,1,48021,47224,114853,2022Q1
2527,SV,2022,2,63733,50377,122773,2022Q2
2612,SV,2022,3,61614,54039,129783,2022Q3
2668,SV,2022,4,66484,57232,138303,2022Q4
2746,SV,2023,1,55899,60894,146807,2023Q1
2895,SV,2023,2,81724,65445,156829,2023Q2
3056,SV,2023,3,73205,70577,167373,2023Q3
3168,SV,2023,4,77445,74405,174515,2023Q4
3306,SV,2024,1,67628,79095,183466,2024Q1
3493,SV,2024,2,101440,83407,194547,2024Q2
3607,SV,2024,3,111631,88333,208901,2024Q3
3820,SV,2024,4,104901,92368,218601,2024Q4
4396,SV,2025,1,85974,99197,233834,2025Q1
4292,SV,2025,2,152001,103908,251514,2025Q2
4440,SV,2025,3,141405,113769,270388,2025Q3
4606,SV,2025,4,167162,124177,285390,2025Q4
4834,SV,2026,1,163877,136169,302971,2026Q1
932,SY,2020,1,6726,14515,13464,2020Q1
980,SY,2020,2,10881,16155,15279,2020Q2
992,SY,2020,3,12507,17358,17103,2020Q3
1025,SY,2020,4,13467,19037,19016,2020Q4
1040,SY,2021,1,15291,20387,20173,2021Q1
1102,SY,2021,2,19271,22617,23290,2021Q2
1113,SY,2021,3,21718,24349,26037,2021Q3
1134,SY,2021,4,19465,26127,27601,2021Q4
1117,SY,2022,1,22402,27582,29638,2022Q1
1159,SY,2022,2,31104,29534,33500,2022Q2
1170,SY,2022,3,31876,31373,36491,2022Q3
1158,SY,2022,4,27245,33197,38625,2022Q4
1202,SY,2023,1,26411,34639,40546,2023Q1
1188,SY,2023,2,29601,36906,41948,2023Q2
1196,SY,2023,3,31977,39255,45093,2023Q3
1224,SY,2023,4,32475,41622,48695,2023Q4
1247,SY,2024,1,34434,43224,51613,2024Q1
1260,SY,2024,2,40498,45044,54633,2024Q2
1248,SY,2024,3,34807,46210,58084,2024Q3
1269,SY,2024,4,28736,47480,59658,2024Q4
1281,SY,2025,1,30224,49580,61518,2025Q1
1324,SY,2025,2,46328,50892,65209,2025Q2
1377,SY,2025,3,44186,54227,65553,2025Q3
1448,SY,2025,4,49159,59799,72636,2025Q4
1466,SY,2026,1,66257,67957,78402,2026Q1
102,SZ,2022,1,1670,2175,3167,2022Q1
108,SZ,2022,2,2356,2319,3451,2022Q2
114,SZ,2022,3,2776,2463,3720,2022Q3
104,SZ,2022,4,2578,2576,3812,2022Q4
116,SZ,2023,1,5431,2728,4611,2023Q1
119,SZ,2023,2,3323,2920,4702,2023Q2
121,SZ,2023,3,4660,3132,5219,2023Q3
130,SZ,2023,4,3210,3269,5372,2023Q4
142,SZ,2024,1,3079,3730,5989,2024Q1
156,SZ,2024,2,4208,4011,6619,2024Q2
171,SZ,2024,3,3807,4334,7236,2024Q3
169,SZ,2024,4,3695,4652,7664,2024Q4
181,SZ,2025,1,3710,5167,8309,2025Q1
192,SZ,2025,2,4042,5668,8089,2025Q2
213,SZ,2025,3,6507,6399,9028,2025Q3
207,SZ,2025,4,5991,7105,9754,2025Q4
227,SZ,2026,1,9812,7975,10298,2026Q1
111,TD,2025,4,4034,5566,8552,2025Q4
125,TD,2026,1,8913,6676,9956,2026Q1
479,TG,2020,1,1945,5107,5714,2020Q1
506,TG,2020,2,2643,5650,6553,2020Q2
542,TG,2020,3,3197,6279,7404,2020Q3
560,TG,2020,4,2570,6845,8197,2020Q4
587,TG,2021,1,3045,7475,9457,2021Q1
626,TG,2021,2,3180,8309,10782,2021Q2
657,TG,2021,3,4138,9017,12246,2021Q3
704,TG,2021,4,4743,9784,13250,2021Q4
719,TG,2022,1,10526,10730,15512,2022Q1
777,TG,2022,2,18203,11610,18251,2022Q2
813,TG,2022,3,28661,12700,22230,2022Q3
859,TG,2022,4,20433,13761,25376,2022Q4
921,TG,2023,1,20965,14875,26182,2023Q1
967,TG,2023,2,19223,16053,28069,2023Q2
1023,TG,2023,3,20429,17044,31168,2023Q3
1078,TG,2023,4,16671,18183,33471,2023Q4
1155,TG,2024,1,17292,19365,35623,2024Q1
1229,TG,2024,2,16787,20597,38637,2024Q2
1297,TG,2024,3,19687,21836,42180,2024Q3
1375,TG,2024,4,18473,23297,44577,2024Q4
1447,TG,2025,1,28766,26970,50234,2025Q1
1553,TG,2025,2,40060,28565,55121,2025Q2
1598,TG,2025,3,43066,31619,59219,2025Q3
1736,TG,2025,4,50708,35980,65535,2025Q4
1897,TG,2026,1,76087,40421,73916,2026Q1
30983,TH,2020,1,348295,304181,642600,2020Q1
32318,TH,2020,2,368282,331449,678022,2020Q2
33183,TH,2020,3,338525,358303,718239,2020Q3
34127,TH,2020,4,388590,383466,762115,2020Q4
35295,TH,2021,1,438053,412666,817844,2021Q1
36861,TH,2021,2,457731,441763,874609,2021Q2
37902,TH,2021,3,464607,476990,931597,2021Q3
38823,TH,2021,4,501857,510059,993799,2021Q4
40180,TH,2022,1,511943,589373,1082822,2022Q1
41160,TH,2022,2,520977,627698,1143239,2022Q2
42325,TH,2022,3,583017,683099,1279376,2022Q3
43509,TH,2022,4,634831,724189,1309994,2022Q4
46310,TH,2023,1,709739,764382,1427385,2023Q1
47362,TH,2023,2,636924,803463,1474153,2023Q2
48612,TH,2023,3,666526,858245,1538067,2023Q3
50310,TH,2023,4,776168,900719,1631025,2023Q4
52291,TH,2024,1,882701,978756,1744458,2024Q1
53830,TH,2024,2,767007,1009178,1816054,2024Q2
55584,TH,2024,3,858518,1048091,1895099,2024Q3
58676,TH,2024,4,1037110,1090563,2027937,2024Q4
61113,TH,2025,1,1157593,1145723,2145679,2025Q1
62840,TH,2025,2,1281976,1203196,2226828,2025Q2
64406,TH,2025,3,1549240,1314225,2361899,2025Q3
67482,TH,2025,4,1751065,1437597,2524544,2025Q4
71499,TH,2026,1,2555239,1570196,2738097,2026Q1
217,TJ,2020,1,4989,2599,5289,2020Q1
219,TJ,2020,2,4609,2811,5527,2020Q2
246,TJ,2020,3,5089,3194,6176,2020Q3
274,TJ,2020,4,7211,3756,7670,2020Q4
303,TJ,2021,1,6919,4327,9491,2021Q1
315,TJ,2021,2,9464,4808,10469,2021Q2
333,TJ,2021,3,7438,5274,11927,2021Q3
331,TJ,2021,4,7600,5597,11781,2021Q4
344,TJ,2022,1,12189,6140,13140,2022Q1
355,TJ,2022,2,9437,6721,14567,2022Q2
360,TJ,2022,3,10658,7424,16519,2022Q3
374,TJ,2022,4,15382,8244,19551,2022Q4
402,TJ,2023,1,14740,8937,21459,2023Q1
422,TJ,2023,2,14944,9613,23170,2023Q2
459,TJ,2023,3,17521,10610,26457,2023Q3
461,TJ,2023,4,16170,11355,27516,2023Q4
481,TJ,2024,1,18411,12351,29370,2024Q1
510,TJ,2024,2,18781,13040,31556,2024Q2
555,TJ,2024,3,18413,13891,34727,2024Q3
568,TJ,2024,4,20597,14692,36533,2024Q4
639,TJ,2025,1,27405,16007,40080,2025Q1
662,TJ,2025,2,28671,17649,44247,2025Q2
742,TJ,2025,3,30997,20062,49694,2025Q3
787,TJ,2025,4,40027,22663,52747,2025Q4
854,TJ,2026,1,55344,26111,60274,2026Q1
110,TM,2020,4,943,3425,1097,2020Q4
135,TM,2021,2,1294,3754,1825,2021Q2
128,TM,2021,3,2145,4004,2155,2021Q3
140,TM,2021,4,2810,4364,3009,2021Q4
151,TM,2022,1,2705,4794,3497,2022Q1
162,TM,2022,2,3185,5355,4550,2022Q2
176,TM,2022,3,4349,5781,5537,2022Q3
176,TM,2022,4,4454,5994,5838,2022Q4
201,TM,2023,1,4949,6316,6817,2023Q1
210,TM,2023,2,6818,6655,7787,2023Q2
218,TM,2023,3,4324,6772,7880,2023Q3
239,TM,2023,4,5690,7152,9393,2023Q4
224,TM,2024,1,4398,7163,8442,2024Q1
240,TM,2024,2,4251,7390,9156,2024Q2
269,TM,2024,3,8223,7807,10254,2024Q3
297,TM,2024,4,6893,8336,11207,2024Q4
289,TM,2025,1,5832,8619,10570,2025Q1
239,TM,2025,2,2464,8137,8471,2025Q2
218,TM,2025,3,2044,7901,7606,2025Q3
211,TM,2025,4,1967,7779,7210,2025Q4
212,TM,2026,1,1926,7738,7235,2026Q1
8349,TN,2020,1,119168,88631,151949,2020Q1
8640,TN,2020,2,130870,96518,170696,2020Q2
9005,TN,2020,3,111369,102800,189112,2020Q3
9427,TN,2020,4,149557,113249,214099,2020Q4
9923,TN,2021,1,166320,123955,244574,2021Q1
10246,TN,2021,2,185264,133148,275914,2021Q2
10440,TN,2021,3,154756,141516,305771,2021Q3
10756,TN,2021,4,208097,152080,338230,2021Q4
11160,TN,2022,1,197700,165393,371873,2022Q1
11418,TN,2022,2,214707,174269,398688,2022Q2
11656,TN,2022,3,186440,182535,426194,2022Q3
12021,TN,2022,4,286342,193939,460362,2022Q4
12707,TN,2023,1,263075,208372,493875,2023Q1
13017,TN,2023,2,274835,220399,524649,2023Q2
13527,TN,2023,3,234420,231523,552494,2023Q3
14193,TN,2023,4,363160,245586,596158,2023Q4
14744,TN,2024,1,303605,260464,628881,2024Q1
15165,TN,2024,2,320673,272555,661722,2024Q2
15834,TN,2024,3,244816,283326,697800,2024Q3
16362,TN,2024,4,372455,298164,741623,2024Q4
17178,TN,2025,1,322643,316372,780760,2025Q1
17780,TN,2025,2,457599,333356,828422,2025Q2
18437,TN,2025,3,362950,357283,866199,2025Q3
18855,TN,2025,4,543737,389842,925386,2025Q4
19748,TN,2026,1,569034,420582,978669,2026Q1
46789,TR,2020,1,424198,480618,772897,2020Q1
49302,TR,2020,2,570416,542562,877798,2020Q2
51393,TR,2020,3,535913,596755,963957,2020Q3
53822,TR,2020,4,676414,670969,1061452,2020Q4
56363,TR,2021,1,858400,747120,1189279,2021Q1
58676,TR,2021,2,927307,815145,1321915,2021Q2
59912,TR,2021,3,794468,863930,1440650,2021Q3
61857,TR,2021,4,885515,926888,1575780,2021Q4
64290,TR,2022,1,1154993,1015107,1766407,2022Q1
67084,TR,2022,2,1274804,1085601,1983923,2022Q2
69162,TR,2022,3,1329016,1157705,2173780,2022Q3
72079,TR,2022,4,1476490,1243553,2426783,2022Q4
74985,TR,2023,1,1523418,1317401,2598138,2023Q1
77196,TR,2023,2,1473389,1396972,2748873,2023Q2
79871,TR,2023,3,1413205,1498372,2903770,2023Q3
82593,TR,2023,4,1363707,1581758,3047651,2023Q4
84828,TR,2024,1,1473062,1675304,3198759,2024Q1
86773,TR,2024,2,1349352,1729362,3325479,2024Q2
90573,TR,2024,3,1359113,1791160,3357640,2024Q3
93775,TR,2024,4,1397435,1864219,3465416,2024Q4
100361,TR,2025,1,1509884,1954709,3598684,2025Q1
101906,TR,2025,2,1921470,2045120,3759379,2025Q2
104567,TR,2025,3,1965636,2181072,3923036,2025Q3
108356,TR,2025,4,2501418,2362908,4104718,2025Q4
113975,TR,2026,1,3421863,2544065,4343350,2026Q1
495,TT,2020,1,6755,8522,11885,2020Q1
540,TT,2020,2,12076,9753,13465,2020Q2
578,TT,2020,3,9536,10915,14232,2020Q3
607,TT,2020,4,8655,11983,15101,2020Q4
650,TT,2021,1,8660,13190,16113,2021Q1
684,TT,2021,2,13251,14332,17446,2021Q2
709,TT,2021,3,10525,15512,18447,2021Q3
713,TT,2021,4,11324,16573,19542,2021Q4
739,TT,2022,1,14002,18175,21683,2022Q1
762,TT,2022,2,15865,19172,22991,2022Q2
797,TT,2022,3,10475,20238,24444,2022Q3
843,TT,2022,4,14051,21132,25210,2022Q4
900,TT,2023,1,13081,22297,27144,2023Q1
936,TT,2023,2,16076,23535,28183,2023Q2
957,TT,2023,3,12807,24514,28477,2023Q3
1005,TT,2023,4,16914,25457,29762,2023Q4
1055,TT,2024,1,14327,26930,31148,2024Q1
1107,TT,2024,2,18226,27938,32359,2024Q2
1130,TT,2024,3,15574,28982,33577,2024Q3
1264,TT,2024,4,22009,30428,35136,2024Q4
1326,TT,2025,1,21127,33231,39209,2025Q1
1386,TT,2025,2,32481,33727,41110,2025Q2
1420,TT,2025,3,22306,36481,42615,2025Q3
1508,TT,2025,4,27655,38880,44614,2025Q4
1617,TT,2026,1,44708,41845,49008,2026Q1
24433,TW,2020,1,675271,414767,1204885,2020Q1
26020,TW,2020,2,842705,446342,1314373,2020Q2
27591,TW,2020,3,792458,480230,1425531,2020Q3
28831,TW,2020,4,874366,512233,1517347,2020Q4
30298,TW,2021,1,922800,545832,1642318,2021Q1
31977,TW,2021,2,1096382,585430,1785446,2021Q2
33185,TW,2021,3,1020854,622391,1871315,2021Q3
34200,TW,2021,4,1047996,659942,1981192,2021Q4
35633,TW,2022,1,1097847,702084,2118682,2022Q1
37159,TW,2022,2,1273440,752092,2278055,2022Q2
38634,TW,2022,3,1158423,794930,2381106,2022Q3
39921,TW,2022,4,1260558,836840,2558627,2022Q4
41959,TW,2023,1,1190373,907211,2691143,2023Q1
44332,TW,2023,2,1388166,987536,2902089,2023Q2
46435,TW,2023,3,1290954,1049487,3046097,2023Q3
48762,TW,2023,4,1426914,1106311,3184218,2023Q4
51168,TW,2024,1,1352625,1178832,3379811,2024Q1
52405,TW,2024,2,1513956,1219387,3411344,2024Q2
54472,TW,2024,3,1387041,1271075,3548855,2024Q3
57828,TW,2024,4,1596062,1334820,3699657,2024Q4
61629,TW,2025,1,1617813,1417799,3925109,2025Q1
63176,TW,2025,2,2139972,1511720,4122963,2025Q2
64806,TW,2025,3,2000855,1614260,4128931,2025Q3
66681,TW,2025,4,2565308,1735979,4305127,2025Q4
70709,TW,2026,1,3486470,1890259,4585864,2026Q1
1845,TZ,2020,1,17487,17267,32625,2020Q1
1967,TZ,2020,2,21415,19288,36202,2020Q2
2120,TZ,2020,3,21427,21372,38940,2020Q3
2221,TZ,2020,4,17801,22745,40770,2020Q4
2327,TZ,2021,1,23129,24089,44127,2021Q1
2446,TZ,2021,2,28023,26518,49697,2021Q2
2538,TZ,2021,3,30566,28341,55049,2021Q3
2596,TZ,2021,4,25471,30232,59181,2021Q4
2729,TZ,2022,1,35673,32358,63763,2022Q1
2840,TZ,2022,2,47828,35625,71003,2022Q2
2974,TZ,2022,3,49379,37923,76340,2022Q3
3027,TZ,2022,4,44718,39754,80995,2022Q4
3222,TZ,2023,1,51012,42327,84717,2023Q1
3385,TZ,2023,2,49685,45353,92124,2023Q2
3521,TZ,2023,3,54269,48357,98338,2023Q3
3658,TZ,2023,4,41798,51367,105337,2023Q4
3792,TZ,2024,1,54756,55681,114143,2024Q1
3952,TZ,2024,2,58218,61372,127189,2024Q2
4117,TZ,2024,3,66819,65542,139773,2024Q3
4232,TZ,2024,4,62276,70044,147419,2024Q4
4468,TZ,2025,1,78186,76288,161227,2025Q1
4697,TZ,2025,2,117144,84757,182641,2025Q2
4963,TZ,2025,3,116052,96581,198923,2025Q3
5065,TZ,2025,4,131748,106127,211330,2025Q4
5331,TZ,2026,1,225751,121146,230116,2026Q1
32648,UA,2020,1,1235371,568562,1637559,2020Q1
34359,UA,2020,2,1467433,611294,1763034,2020Q2
36283,UA,2020,3,1265334,650147,1872785,2020Q3
38105,UA,2020,4,1455265,693442,2000902,2020Q4
39976,UA,2021,1,1530375,737846,2131400,2021Q1
41325,UA,2021,2,1584501,776084,2263373,2021Q2
42869,UA,2021,3,1527575,818046,2399928,2021Q3
43972,UA,2021,4,1861038,870261,2562395,2021Q4
44806,UA,2022,1,1511670,931796,2684075,2022Q1
43752,UA,2022,2,1728442,954612,2615077,2022Q2
44502,UA,2022,3,1958504,992765,2729930,2022Q3
45279,UA,2022,4,1971693,1029538,2874400,2022Q4
45458,UA,2023,1,2182199,1071147,3014295,2023Q1
46805,UA,2023,2,2253838,1122708,3186338,2023Q2
48321,UA,2023,3,1974742,1176158,3364778,2023Q3
49762,UA,2023,4,2046059,1244062,3550482,2023Q4
51398,UA,2024,1,1955025,1274317,3703767,2024Q1
52528,UA,2024,2,1870764,1311480,3838658,2024Q2
53729,UA,2024,3,1593383,1349094,3913388,2024Q3
55212,UA,2024,4,1764878,1378125,4025158,2024Q4
56916,UA,2025,1,1858027,1430578,4181238,2025Q1
58742,UA,2025,2,2012722,1492408,4329705,2025Q2
67637,UA,2025,3,1781439,1577185,4423953,2025Q3
75201,UA,2025,4,2023234,1651906,4522684,2025Q4
69291,UA,2026,1,2244069,1729006,4633088,2026Q1
1905,UG,2020,1,37831,21053,63589,2020Q1
2094,UG,2020,2,45570,23072,68264,2020Q2
2282,UG,2020,3,43942,24971,74406,2020Q3
2448,UG,2020,4,39323,26676,79647,2020Q4
2539,UG,2021,1,33691,27846,80280,2021Q1
2733,UG,2021,2,42047,29917,87530,2021Q2
2880,UG,2021,3,59314,33204,98002,2021Q3
3026,UG,2021,4,50157,36304,107878,2021Q4
3222,UG,2022,1,75481,39472,118199,2022Q1
3355,UG,2022,2,88364,42374,128760,2022Q2
3532,UG,2022,3,146629,45996,141029,2022Q3
3698,UG,2022,4,124062,49197,154667,2022Q4
3965,UG,2023,1,157254,52672,168873,2023Q1
4165,UG,2023,2,125027,56274,180387,2023Q2
4335,UG,2023,3,151166,60371,193848,2023Q3
4519,UG,2023,4,106709,64232,205905,2023Q4
4681,UG,2024,1,99734,68495,220100,2024Q1
4911,UG,2024,2,106847,72510,234035,2024Q2
5170,UG,2024,3,118546,77988,251142,2024Q3
5323,UG,2024,4,112664,83906,268457,2024Q4
5681,UG,2025,1,133672,91451,292571,2025Q1
6027,UG,2025,2,174883,100212,314832,2025Q2
6433,UG,2025,3,195279,115137,337998,2025Q3
6631,UG,2025,4,222604,130626,364667,2025Q4
7105,UG,2026,1,309955,147165,396700,2026Q1
601565,US,2020,1,21377653,9763122,30669781,2020Q1
642784,US,2020,2,23736592,10434232,32228820,2020Q2
674751,US,2020,3,22384454,11086139,33728467,2020Q3
704843,US,2020,4,21752294,11660333,35235403,2020Q4
744682,US,2021,1,22731866,12307169,37022184,2021Q1
785410,US,2021,2,21827012,12895305,38692624,2021Q2
815874,US,2021,3,19828529,13515151,40342046,2021Q3
847484,US,2021,4,21495838,14190290,42333711,2021Q4
889845,US,2022,1,23987664,15137065,44974274,2022Q1
924810,US,2022,2,24092826,15941648,47092354,2022Q2
957918,US,2022,3,22823129,16686238,48701645,2022Q3
986470,US,2022,4,24373958,17416689,50597871,2022Q4
1025114,US,2023,1,25930264,18326730,52526307,2023Q1
1092401,US,2023,2,25765719,19338656,55090116,2023Q2
1132458,US,2023,3,23796738,20226711,56707717,2023Q3
1173292,US,2023,4,25996849,21077020,58781091,2023Q4
1220000,US,2024,1,27262532,22233197,60596684,2024Q1
1261787,US,2024,2,26651541,23027788,61928610,2024Q2
1300811,US,2024,3,25260831,23845773,63461427,2024Q3
1350239,US,2024,4,27999678,24759357,65345432,2024Q4
1406879,US,2025,1,30612863,25853769,67420398,2025Q1
1472103,US,2025,2,33947845,27113067,69459039,2025Q2
1530645,US,2025,3,34494395,28629080,71358768,2025Q3
1595646,US,2025,4,40768192,30298253,74046444,2025Q4
1693029,US,2026,1,57234005,32410529,77284974,2026Q1
2305,UY,2020,1,55000,35715,65571,2020Q1
2572,UY,2020,2,77173,39419,70318,2020Q2
2677,UY,2020,3,93841,43159,76842,2020Q3
2862,UY,2020,4,91337,45990,86919,2020Q4
3000,UY,2021,1,88791,49018,93211,2021Q1
3277,UY,2021,2,109228,52690,96591,2021Q2
3462,UY,2021,3,118082,56909,104751,2021Q3
3558,UY,2021,4,124363,59696,112746,2021Q4
3822,UY,2022,1,133125,63840,124049,2022Q1
3948,UY,2022,2,189727,68753,135330,2022Q2
4164,UY,2022,3,209992,73881,149288,2022Q3
4334,UY,2022,4,182514,77628,160292,2022Q4
4532,UY,2023,1,179655,81919,172686,2023Q1
4747,UY,2023,2,194109,87926,181190,2023Q2
4975,UY,2023,3,208819,93387,198316,2023Q3
5137,UY,2023,4,193558,97024,209424,2023Q4
5295,UY,2024,1,129512,101830,215937,2024Q1
5635,UY,2024,2,160268,107319,226058,2024Q2
5848,UY,2024,3,185804,112462,238183,2024Q3
6087,UY,2024,4,200340,117234,251275,2024Q4
6425,UY,2025,1,145281,123580,257655,2025Q1
6851,UY,2025,2,189020,129798,269567,2025Q2
7185,UY,2025,3,237687,140220,284550,2025Q3
7491,UY,2025,4,261227,149551,301166,2025Q4
8099,UY,2026,1,271630,160501,309547,2026Q1
2027,UZ,2020,1,33399,24575,49782,2020Q1
2155,UZ,2020,2,43644,29267,57467,2020Q2
2319,UZ,2020,3,49409,34889,66760,2020Q3
2549,UZ,2020,4,63949,41139,80544,2020Q4
2733,UZ,2021,1,87135,48415,98840,2021Q1
3099,UZ,2021,2,106326,56168,122123,2021Q2
3300,UZ,2021,3,124832,64278,148973,2021Q3
3621,UZ,2021,4,152605,74253,184131,2021Q4
3927,UZ,2022,1,196223,86479,231218,2022Q1
4295,UZ,2022,2,220460,98721,281708,2022Q2
4590,UZ,2022,3,227791,110371,328029,2022Q3
5112,UZ,2022,4,285569,125981,394147,2022Q4
5597,UZ,2023,1,310813,140105,445380,2023Q1
6006,UZ,2023,2,298271,154003,493104,2023Q2
6409,UZ,2023,3,310370,167475,545660,2023Q3
6905,UZ,2023,4,309301,182921,597403,2023Q4
7361,UZ,2024,1,340723,199289,660673,2024Q1
7822,UZ,2024,2,325404,212185,723099,2024Q2
8344,UZ,2024,3,334108,222625,783431,2024Q3
8797,UZ,2024,4,355332,238184,846582,2024Q4
9440,UZ,2025,1,393664,257749,917706,2025Q1
9955,UZ,2025,2,436004,275788,987593,2025Q2
10483,UZ,2025,3,469536,306711,1063692,2025Q3
11086,UZ,2025,4,538480,349244,1143968,2025Q4
11958,UZ,2026,1,748952,395040,1254862,2026Q1
7894,VE,2020,1,75354,83817,104299,2020Q1
8077,VE,2020,2,89131,89282,111811,2020Q2
8293,VE,2020,3,99390,95465,121298,2020Q3
8444,VE,2020,4,96660,100228,129941,2020Q4
8603,VE,2021,1,118618,105798,141092,2021Q1
8743,VE,2021,2,115734,111074,153270,2021Q2
8876,VE,2021,3,116965,116360,165237,2021Q3
8971,VE,2021,4,111742,120903,175078,2021Q4
9090,VE,2022,1,131567,127527,190373,2022Q1
9267,VE,2022,2,140248,133810,203298,2022Q2
9442,VE,2022,3,161346,141050,221382,2022Q3
9543,VE,2022,4,151131,147568,234444,2022Q4
9807,VE,2023,1,178382,156172,255496,2023Q1
9991,VE,2023,2,179985,167204,273051,2023Q2
10149,VE,2023,3,180135,177624,288355,2023Q3
10313,VE,2023,4,177463,187079,304615,2023Q4
10564,VE,2024,1,188013,203090,321927,2024Q1
10743,VE,2024,2,208169,216340,339253,2024Q2
10869,VE,2024,3,208652,224877,353254,2024Q3
11060,VE,2024,4,213019,231096,362967,2024Q4
11468,VE,2025,1,240526,244921,380857,2025Q1
11671,VE,2025,2,289378,257825,403230,2025Q2
11934,VE,2025,3,273478,284220,421440,2025Q3
12175,VE,2025,4,313742,313110,438426,2025Q4
12472,VE,2026,1,463846,345018,460235,2026Q1
55920,VN,2020,1,629209,505532,1384527,2020Q1
58766,VN,2020,2,920613,559974,1502575,2020Q2
61242,VN,2020,3,966644,601156,1624749,2020Q3
63895,VN,2020,4,1045583,648835,1759974,2020Q4
65920,VN,2021,1,901069,691796,1871574,2021Q1
69750,VN,2021,2,1356617,751010,2046030,2021Q2
72385,VN,2021,3,1394290,843598,2244560,2021Q3
75134,VN,2021,4,1631704,936490,2449850,2021Q4
77141,VN,2022,1,1356595,1002684,2649387,2022Q1
79971,VN,2022,2,1790603,1070392,2870256,2022Q2
82723,VN,2022,3,1668071,1144766,3067012,2022Q3
85559,VN,2022,4,2010058,1237554,3289176,2022Q4
89475,VN,2023,1,1788091,1313681,3507367,2023Q1
93016,VN,2023,2,2319147,1430601,3761556,2023Q2
96652,VN,2023,3,2089305,1537574,3984715,2023Q3
100965,VN,2023,4,2693602,1617140,4222753,2023Q4
108276,VN,2024,1,2211104,1739877,4467984,2024Q1
112747,VN,2024,2,2887192,1832224,4714371,2024Q2
114377,VN,2024,3,2551899,1931120,4955454,2024Q3
119837,VN,2024,4,3541633,2068806,5234339,2024Q4
126357,VN,2025,1,2870772,2198359,5526230,2025Q1
131309,VN,2025,2,4210552,2314072,5855986,2025Q2
135666,VN,2025,3,3811281,2507142,6174096,2025Q3
141219,VN,2025,4,5291032,2760619,6583400,2025Q4
158105,VN,2026,1,5146573,2972715,7017323,2026Q1
227,XK,2022,1,12034,3418,10382,2022Q1
247,XK,2022,2,9380,4248,11393,2022Q2
283,XK,2022,3,7731,5103,12120,2022Q3
393,XK,2022,4,14483,7238,16776,2022Q4
640,XK,2023,1,32416,12125,29767,2023Q1
743,XK,2023,2,40505,15179,35164,2023Q2
682,XK,2023,3,16771,15643,32700,2023Q3
909,XK,2023,4,31004,20037,41695,2023Q4
968,XK,2024,1,36532,22808,45163,2024Q1
1062,XK,2024,2,39927,25171,48757,2024Q2
1145,XK,2024,3,27445,27331,52299,2024Q3
1261,XK,2024,4,45085,30260,57411,2024Q4
1388,XK,2025,1,47819,33618,62879,2025Q1
1479,XK,2025,2,62800,35914,68799,2025Q2
1574,XK,2025,3,45693,39260,72475,2025Q3
1700,XK,2025,4,74253,44202,78485,2025Q4
1916,XK,2026,1,86695,48832,85375,2026Q1
1328,YE,2020,1,3576,12584,31985,2020Q1
1383,YE,2020,2,3962,14080,33766,2020Q2
1439,YE,2020,3,28311,15710,22863,2020Q3
1519,YE,2020,4,8436,17516,25291,2020Q4
1578,YE,2021,1,6634,19751,28115,2021Q1
1649,YE,2021,2,7311,21926,31487,2021Q2
1705,YE,2021,3,9792,24490,35353,2021Q3
1789,YE,2021,4,8478,27142,39750,2021Q4
1831,YE,2022,1,15230,29840,45329,2022Q1
1908,YE,2022,2,17347,32576,48937,2022Q2
2011,YE,2022,3,18346,36082,54275,2022Q3
2066,YE,2022,4,20075,40086,61328,2022Q4
2217,YE,2023,1,24769,44363,69383,2023Q1
2313,YE,2023,2,22111,48468,77906,2023Q2
2446,YE,2023,3,27903,54063,84444,2023Q3
2564,YE,2023,4,29611,59222,90245,2023Q4
2674,YE,2024,1,29534,64246,98400,2024Q1
2769,YE,2024,2,36919,67646,102906,2024Q2
2949,YE,2024,3,38748,72767,111175,2024Q3
3066,YE,2024,4,38576,79137,120193,2024Q4
3325,YE,2025,1,46796,86324,132530,2025Q1
3520,YE,2025,2,72744,94603,144368,2025Q2
3637,YE,2025,3,110007,113783,156994,2025Q3
3788,YE,2025,4,128997,133164,176758,2025Q4
3895,YE,2026,1,150972,146772,192109,2026Q1
13242,ZA,2020,1,241004,202767,417881,2020Q1
14644,ZA,2020,2,304045,225046,461824,2020Q2
15854,ZA,2020,3,297816,246671,484335,2020Q3
16633,ZA,2020,4,259241,261947,511881,2020Q4
17772,ZA,2021,1,272391,280384,546369,2021Q1
19118,ZA,2021,2,329917,299470,591186,2021Q2
20100,ZA,2021,3,361072,319311,630913,2021Q3
20773,ZA,2021,4,320824,337012,670555,2021Q4
21703,ZA,2022,1,334514,362162,714635,2022Q1
22610,ZA,2022,2,511432,387732,747472,2022Q2
23535,ZA,2022,3,626848,412731,809898,2022Q3
24212,ZA,2022,4,539323,432286,854639,2022Q4
25520,ZA,2023,1,983370,469504,912425,2023Q1
26610,ZA,2023,2,847118,509385,969096,2023Q2
27950,ZA,2023,3,954678,540586,1027926,2023Q3
29041,ZA,2023,4,634330,564536,1080686,2023Q4
30382,ZA,2024,1,648853,602571,1138537,2024Q1
31426,ZA,2024,2,714125,634709,1209334,2024Q2
32871,ZA,2024,3,709455,665394,1275250,2024Q3
34452,ZA,2024,4,640915,694983,1339369,2024Q4
36406,ZA,2025,1,646875,741633,1408660,2025Q1
38435,ZA,2025,2,935434,808252,1514174,2025Q2
40597,ZA,2025,3,1066894,889074,1612809,2025Q3
42509,ZA,2025,4,1118816,962146,1716316,2025Q4
45797,ZA,2026,1,1374177,1058997,1826066,2026Q1
532,ZM,2020,1,4869,6964,11123,2020Q1
590,ZM,2020,2,4771,8048,12302,2020Q2
640,ZM,2020,3,5676,9033,13986,2020Q3
693,ZM,2020,4,6993,9847,15040,2020Q4
753,ZM,2021,1,6467,10877,17891,2021Q1
832,ZM,2021,2,10452,11869,19708,2021Q2
891,ZM,2021,3,14072,12944,22289,2021Q3
924,ZM,2021,4,13248,14008,24396,2021Q4
973,ZM,2022,1,18716,15367,31307,2022Q1
1025,ZM,2022,2,24455,16662,29600,2022Q2
1080,ZM,2022,3,28056,18096,32508,2022Q3
1088,ZM,2022,4,25652,19443,34649,2022Q4
1191,ZM,2023,1,39611,20975,37541,2023Q1
1257,ZM,2023,2,24894,22853,40517,2023Q2
1285,ZM,2023,3,28405,24503,42556,2023Q3
1352,ZM,2023,4,22011,25983,46858,2023Q4
1437,ZM,2024,1,23045,28399,51418,2024Q1
1527,ZM,2024,2,20563,30499,55309,2024Q2
1624,ZM,2024,3,25854,32704,59395,2024Q3
1693,ZM,2024,4,24827,35507,67425,2024Q4
1782,ZM,2025,1,29624,38852,69784,2025Q1
1858,ZM,2025,2,39464,42738,74882,2025Q2
2007,ZM,2025,3,55906,50681,82117,2025Q3
2147,ZM,2025,4,68766,57053,89316,2025Q4
2317,ZM,2026,1,98774,64531,97750,2026Q1
909,ZW,2020,1,8116,13270,23059,2020Q1
999,ZW,2020,2,11500,14787,25478,2020Q2
1076,ZW,2020,3,12894,16351,27765,2020Q3
1127,ZW,2020,4,10644,17355,29295,2020Q4
1220,ZW,2021,1,12169,18740,32060,2021Q1
1328,ZW,2021,2,16739,20321,34701,2021Q2
1399,ZW,2021,3,19131,21794,39162,2021Q3
1471,ZW,2021,4,16684,23154,41860,2021Q4
1495,ZW,2022,1,23725,24924,44880,2022Q1
1601,ZW,2022,2,33318,26742,49183,2022Q2
1628,ZW,2022,3,40795,28680,54100,2022Q3
1684,ZW,2022,4,41509,30390,58350,2022Q4
1752,ZW,2023,1,61690,32544,62916,2023Q1
1830,ZW,2023,2,39219,34626,65945,2023Q2
1873,ZW,2023,3,40209,36333,69383,2023Q3
1932,ZW,2023,4,29598,38118,72012,2023Q4
2020,ZW,2024,1,30632,40726,75967,2024Q1
2068,ZW,2024,2,35780,43628,80947,2024Q2
2128,ZW,2024,3,35700,46049,85796,2024Q3
2293,ZW,2024,4,36800,49319,93212,2024Q4
2458,ZW,2025,1,46178,53796,103287,2025Q1
2615,ZW,2025,2,75395,59415,114928,2025Q2
2785,ZW,2025,3,79448,68050,125010,2025Q3
2945,ZW,2025,4,93302,75557,133861,2025Q4
3177,ZW,2026,1,132935,84670,147579,2026Q1
